{
  "job": {
    "setting": {
      "speed": {
        "channel": 5
      }
    },
    "content": [
      {
       "reader": {
                    "name": "mysqlreader",
                    "parameter": {
                        "username": "hft_ro",
                        "password": "8SezZdtuoUTJ5MBLXdcD6XJv5czwBkD",
                        "column": [
                            "id","order_id","dis_id","dis_no","name","amount","en_channel_name","cn_channel_name","dis_type","create_time"
                        ],
                        "connection": [
                            {
                                "table": [
                                    "intel_order_discounted"
                                ],
                                "jdbcUrl":[
                                  "jdbc:mysql://rr-2ze8nqixl9wq6ei041o.mysql.rds.aliyuncs.com:3306/hopson_hft?useUnicode=true&characterEncoding=UTF-8"
                                ]
                            }
                        ]
                    }
                },
         "writer": {
          "name": "hbase11xwriter",
          "parameter": {
            "hbaseConfig": {
               "hbase.zookeeper.quorum": "10.2.39.165:2181,10.2.39.166:2181,10.2.39.182:2181"
            },
            "table": "hopsonone:source_intel_order_discounted",
            "mode": "normal",
            "rowkeyColumn": [
                
{
  "index":0,
  "type":"string"
}
            ],
            "column": [
              
 {
    "index":1,
    "name": "info:order_id",
    "type": "string"
 },
 {
    "index":2,
    "name": "info:dis_id",
    "type": "string"
 },
 {
    "index":3,
    "name": "info:dis_no",
    "type": "string"
 },
 {
    "index":4,
    "name": "info:name",
    "type": "string"
 },
 {
    "index":5,
    "name": "info:amount",
    "type": "string"
 },
 {
    "index":6,
    "name": "info:en_channel_name",
    "type": "string"
 },
 {
    "index":7,
    "name": "info:cn_channel_name",
    "type": "string"
 },
 {
    "index":8,
    "name": "info:dis_type",
    "type": "string"
 },
 {
    "index":9,
    "name": "info:create_time",
    "type": "string"
 }
            ],           
            "encoding": "utf-8"
          }
        }
      }
    ]
  }
}