{
  "job": {
    "setting": {
      "speed": {
        "channel": 5
      }
    },
    "content": [
      {
       "reader": {
                    "name": "mysqlreader",
                    "parameter": {
                        "username": "hft_ro",
                        "password": "8SezZdtuoUTJ5MBLXdcD6XJv5czwBkD",
                        "column": [
                            "id","order_id","original_order_id","trade_no","ticket_no","tenant_id","market_id","market_name","business_id","hst_business_id","business_name","m_id","cashier_id","terminal_no","pos_id","payable_amount","discount_amount","integral_amount","total_amount","thirdparty_amount","received_amount","actual_amount","change_amount","status","direction_status","flow_status","handover_no","payment_time","original_payment_time","already_point","create_time","update_time"
                        ],
                        "connection": [
                            {
                                "table": [
                                    "intel_order"
                                ],
                                "jdbcUrl":[
                                  "jdbc:mysql://rr-2ze8nqixl9wq6ei041o.mysql.rds.aliyuncs.com:3306/hopson_hft?useUnicode=true&characterEncoding=UTF-8"
                                ]
                            }
                        ]
                    }
                },
         "writer": {
          "name": "hbase11xwriter",
          "parameter": {
            "hbaseConfig": {
               "hbase.zookeeper.quorum": "10.2.39.165:2181,10.2.39.166:2181,10.2.39.182:2181"
            },
            "table": "hopsonone:source_intel_order",
            "mode": "normal",
            "rowkeyColumn": [
                
{
  "index":0,
  "type":"string"
}
            ],
            "column": [
              
 {
    "index":1,
    "name": "info:order_id",
    "type": "string"
 },
 {
    "index":2,
    "name": "info:original_order_id",
    "type": "string"
 },
 {
    "index":3,
    "name": "info:trade_no",
    "type": "string"
 },
 {
    "index":4,
    "name": "info:ticket_no",
    "type": "string"
 },
 {
    "index":5,
    "name": "info:tenant_id",
    "type": "string"
 },
 {
    "index":6,
    "name": "info:market_id",
    "type": "string"
 },
 {
    "index":7,
    "name": "info:market_name",
    "type": "string"
 },
 {
    "index":8,
    "name": "info:business_id",
    "type": "string"
 },
 {
    "index":9,
    "name": "info:hst_business_id",
    "type": "string"
 },
 {
    "index":10,
    "name": "info:business_name",
    "type": "string"
 },
 {
    "index":11,
    "name": "info:m_id",
    "type": "string"
 },
 {
    "index":12,
    "name": "info:cashier_id",
    "type": "string"
 },
 {
    "index":13,
    "name": "info:terminal_no",
    "type": "string"
 },
 {
    "index":14,
    "name": "info:pos_id",
    "type": "string"
 },
 {
    "index":15,
    "name": "info:payable_amount",
    "type": "string"
 },
 {
    "index":16,
    "name": "info:discount_amount",
    "type": "string"
 },
 {
    "index":17,
    "name": "info:integral_amount",
    "type": "string"
 },
 {
    "index":18,
    "name": "info:total_amount",
    "type": "string"
 },
 {
    "index":19,
    "name": "info:thirdparty_amount",
    "type": "string"
 },
 {
    "index":20,
    "name": "info:received_amount",
    "type": "string"
 },
 {
    "index":21,
    "name": "info:actual_amount",
    "type": "string"
 },
 {
    "index":22,
    "name": "info:change_amount",
    "type": "string"
 },
 {
    "index":23,
    "name": "info:status",
    "type": "string"
 },
 {
    "index":24,
    "name": "info:direction_status",
    "type": "string"
 },
 {
    "index":25,
    "name": "info:flow_status",
    "type": "string"
 },
 {
    "index":26,
    "name": "info:handover_no",
    "type": "string"
 },
 {
    "index":27,
    "name": "info:payment_time",
    "type": "string"
 },
 {
    "index":28,
    "name": "info:original_payment_time",
    "type": "string"
 },
 {
    "index":29,
    "name": "info:already_point",
    "type": "string"
 },
 {
    "index":30,
    "name": "info:create_time",
    "type": "string"
 },
 {
    "index":31,
    "name": "info:update_time",
    "type": "string"
 }
            ],           
            "encoding": "utf-8"
          }
        }
      }
    ]
  }
}