{
  "job": {
    "setting": {
      "speed": {
        "channel": 5
      }
    },
    "content": [
      {
       "reader": {
                    "name": "mysqlreader",
                    "parameter": {
                        "username": "hopsonone",
                        "password": "hopsonone123",
                        "column": [
                            "transskumedid","transid","conshopid","shopname","posid","userid","bizdate","transtime","receiptid","cardid","eftid","mediamno","mediamdesc","articlecode","articlename","paidamt","commrate","commchg","netamt","paymentid","paymentstatus","transtype","datasource","batchid","storeid","mainlocationid","iscust","pcentrate","netpaidamt","enterat","market_id"
                        ],
			"where":"where transtime >= DATE_SUB(NOW(),INTERVAL 1 DAY)",
                        "connection": [
                            {
                                "table": [
                                    "dbo_transskumedia"
                                ],
                                "jdbcUrl":[
                                  "jdbc:mysql://10.2.39.40:3306/trendsmall_hopson?useUnicode=true&characterEncoding=UTF-8"
                                ]
                            }
                        ]
                    }
                },
         "writer": {
          "name": "hbase11xwriter",
          "parameter": {
            "hbaseConfig": {
               "hbase.zookeeper.quorum": "10.2.39.84:2181,10.2.39.89:2181,10.2.39.67:2181"
            },
            "table": "hopsonone:source_dbo_transskumedia",
            "mode": "normal",
            "rowkeyColumn": [
                
{
  "index":0,
  "type":"string"
}
            ],
            "column": [
              
 {
    "index":1,
    "name": "info:transid",
    "type": "string"
 },
 {
    "index":2,
    "name": "info:conshopid",
    "type": "string"
 },
 {
    "index":3,
    "name": "info:shopname",
    "type": "string"
 },
 {
    "index":4,
    "name": "info:posid",
    "type": "string"
 },
 {
    "index":5,
    "name": "info:userid",
    "type": "string"
 },
 {
    "index":6,
    "name": "info:bizdate",
    "type": "string"
 },
 {
    "index":7,
    "name": "info:transtime",
    "type": "string"
 },
 {
    "index":8,
    "name": "info:receiptid",
    "type": "string"
 },
 {
    "index":9,
    "name": "info:cardid",
    "type": "string"
 },
 {
    "index":10,
    "name": "info:eftid",
    "type": "string"
 },
 {
    "index":11,
    "name": "info:mediamno",
    "type": "string"
 },
 {
    "index":12,
    "name": "info:mediamdesc",
    "type": "string"
 },
 {
    "index":13,
    "name": "info:articlecode",
    "type": "string"
 },
 {
    "index":14,
    "name": "info:articlename",
    "type": "string"
 },
 {
    "index":15,
    "name": "info:paidamt",
    "type": "string"
 },
 {
    "index":16,
    "name": "info:commrate",
    "type": "string"
 },
 {
    "index":17,
    "name": "info:commchg",
    "type": "string"
 },
 {
    "index":18,
    "name": "info:netamt",
    "type": "string"
 },
 {
    "index":19,
    "name": "info:paymentid",
    "type": "string"
 },
 {
    "index":20,
    "name": "info:paymentstatus",
    "type": "string"
 },
 {
    "index":21,
    "name": "info:transtype",
    "type": "string"
 },
 {
    "index":22,
    "name": "info:datasource",
    "type": "string"
 },
 {
    "index":23,
    "name": "info:batchid",
    "type": "string"
 },
 {
    "index":24,
    "name": "info:storeid",
    "type": "string"
 },
 {
    "index":25,
    "name": "info:mainlocationid",
    "type": "string"
 },
 {
    "index":26,
    "name": "info:iscust",
    "type": "string"
 },
 {
    "index":27,
    "name": "info:pcentrate",
    "type": "string"
 },
 {
    "index":28,
    "name": "info:netpaidamt",
    "type": "string"
 },
 {
    "index":29,
    "name": "info:enterat",
    "type": "string"
 },
 {
    "index":30,
    "name": "info:market_id",
    "type": "string"
 }
            ],           
            "encoding": "utf-8"
          }
        }
      }
    ]
  }
}
