{
  "job": {
    "setting": {
      "speed": {
        "channel": 5
      }
    },
    "content": [
      {
       "reader": {
                    "name": "mysqlreader",
                    "parameter": {
                        "username": "hft_ro",
                        "password": "8SezZdtuoUTJ5MBLXdcD6XJv5czwBkD",
                        "column": [
                            "id","business_id","business_name","market_id","identification","status","pos_type","is_refund","pwd","mobile","company_name","province","city","area","address","credit_no","open_bank","bank_no","tenant_id","create_dt","update_dt"
                        ],
			"where":"where update_dt >= DATE_SUB(NOW(),INTERVAL 1 DAY)",
                        "connection": [
                            {
                                "table": [
                                    "business"
                                ],
                                "jdbcUrl":[
                                  "jdbc:mysql://rr-2ze8nqixl9wq6ei041o.mysql.rds.aliyuncs.com:3306/hopson_hft?useUnicode=true&characterEncoding=UTF-8"
                                ]
                            }
                        ]
                    }
                },
         "writer": {
          "name": "hbase11xwriter",
          "parameter": {
            "hbaseConfig": {
               "hbase.zookeeper.quorum": "10.2.39.165:2181,10.2.39.166:2181,10.2.39.182:2181"
            },
            "table": "hopsonone:source_business",
            "mode": "normal",
            "rowkeyColumn": [
                
{
  "index":0,
  "type":"string"
}
            ],
            "column": [
              
 {
    "index":1,
    "name": "info:business_id",
    "type": "string"
 },
 {
    "index":2,
    "name": "info:business_name",
    "type": "string"
 },
 {
    "index":3,
    "name": "info:market_id",
    "type": "string"
 },
 {
    "index":4,
    "name": "info:identification",
    "type": "string"
 },
 {
    "index":5,
    "name": "info:status",
    "type": "string"
 },
 {
    "index":6,
    "name": "info:pos_type",
    "type": "string"
 },
 {
    "index":7,
    "name": "info:is_refund",
    "type": "string"
 },
 {
    "index":8,
    "name": "info:pwd",
    "type": "string"
 },
 {
    "index":9,
    "name": "info:mobile",
    "type": "string"
 },
 {
    "index":10,
    "name": "info:company_name",
    "type": "string"
 },
 {
    "index":11,
    "name": "info:province",
    "type": "string"
 },
 {
    "index":12,
    "name": "info:city",
    "type": "string"
 },
 {
    "index":13,
    "name": "info:area",
    "type": "string"
 },
 {
    "index":14,
    "name": "info:address",
    "type": "string"
 },
 {
    "index":15,
    "name": "info:credit_no",
    "type": "string"
 },
 {
    "index":16,
    "name": "info:open_bank",
    "type": "string"
 },
 {
    "index":17,
    "name": "info:bank_no",
    "type": "string"
 },
 {
    "index":18,
    "name": "info:tenant_id",
    "type": "string"
 },
 {
    "index":19,
    "name": "info:create_dt",
    "type": "string"
 },
 {
    "index":20,
    "name": "info:update_dt",
    "type": "string"
 }
            ],           
            "encoding": "utf-8"
          }
        }
      }
    ]
  }
}
