{
  "job": {
    "setting": {
      "speed": {
        "channel": 5
      }
    },
    "content": [
      {
       "reader": {
                    "name": "mysqlreader",
                    "parameter": {
                        "username": "hopsononebi_2019",
                        "password": "xMEAnLk8SOfa8bEwq2Xl6LpuI8QWXb0",
                        "column": [
                            "sid,parkid,inwid,inid,outwid,outid","sid","parkid","inwid","inid","outwid","outid","idno","icno","cardtypeid","cardtypename","personsid","personid","personname","intime","inuserid","inusername","indeviceid","indevicename","indeviceentrytype","inpicturefile","chargetime","outtime","outuserid","outusername","outdeviceid","outdevicename","outdeviceentrytype","outpicturefile","carno","carstatus","carcolor","eventtype","chargingtype","paytypename","currencyname","charge1","charge2","charge3","charge4","remark","remark1","remark2","lockflag","haspresetflag","optdate","bcname","inworkstationip","outworkstationip","syncflag","syncdown","synflagid","recordnumber","recordtype","guid","appuserid","appsignatorystatus","cloudplaceshareflag","shareorderid","billno","tempcardflag","id","market_id"
                        ],
                        "connection": [
                            {
                                "table": [
                                    "tc_record"
                                ],
                                "jdbcUrl":[
                                  "jdbc:mysql://rm-2zer0v9g25bgu4rx43o.mysql.rds.aliyuncs.com:3306/hopsonone_park_sh_real_time?useUnicode=true&characterEncoding=UTF-8"
                                ]
                            }
                        ]
                    }
                },
         "writer": {
          "name": "hbase11xwriter",
          "parameter": {
            "hbaseConfig": {
               "hbase.zookeeper.quorum": "10.2.39.165:2181,10.2.39.166:2181,10.2.39.182:2181"
            },
            "table": "hopsonone:source_tc_record_sh",
            "mode": "normal",
            "rowkeyColumn": [
                
{
  "index":0,
  "type":"string"
},
{
  "index":-1,
  "type":"string",
  "value":"_"
},
{
  "index":1,
  "type":"string"
},
{
  "index":-1,
  "type":"string",
  "value":"_"
},
{
  "index":2,
  "type":"string"
},
{
  "index":-1,
  "type":"string",
  "value":"_"
},
{
  "index":3,
  "type":"string"
},
{
  "index":-1,
  "type":"string",
  "value":"_"
},
{
  "index":4,
  "type":"string"
},
{
  "index":-1,
  "type":"string",
  "value":"_"
},
{
  "index":5,
  "type":"string"
}
            ],
            "column": [
              
 {
    "index":6,
    "name": "info:sid",
    "type": "string"
 },
 {
    "index":7,
    "name": "info:parkid",
    "type": "string"
 },
 {
    "index":8,
    "name": "info:inwid",
    "type": "string"
 },
 {
    "index":9,
    "name": "info:inid",
    "type": "string"
 },
 {
    "index":10,
    "name": "info:outwid",
    "type": "string"
 },
 {
    "index":11,
    "name": "info:outid",
    "type": "string"
 },
 {
    "index":12,
    "name": "info:idno",
    "type": "string"
 },
 {
    "index":13,
    "name": "info:icno",
    "type": "string"
 },
 {
    "index":14,
    "name": "info:cardtypeid",
    "type": "string"
 },
 {
    "index":15,
    "name": "info:cardtypename",
    "type": "string"
 },
 {
    "index":16,
    "name": "info:personsid",
    "type": "string"
 },
 {
    "index":17,
    "name": "info:personid",
    "type": "string"
 },
 {
    "index":18,
    "name": "info:personname",
    "type": "string"
 },
 {
    "index":19,
    "name": "info:intime",
    "type": "string"
 },
 {
    "index":20,
    "name": "info:inuserid",
    "type": "string"
 },
 {
    "index":21,
    "name": "info:inusername",
    "type": "string"
 },
 {
    "index":22,
    "name": "info:indeviceid",
    "type": "string"
 },
 {
    "index":23,
    "name": "info:indevicename",
    "type": "string"
 },
 {
    "index":24,
    "name": "info:indeviceentrytype",
    "type": "string"
 },
 {
    "index":25,
    "name": "info:inpicturefile",
    "type": "string"
 },
 {
    "index":26,
    "name": "info:chargetime",
    "type": "string"
 },
 {
    "index":27,
    "name": "info:outtime",
    "type": "string"
 },
 {
    "index":28,
    "name": "info:outuserid",
    "type": "string"
 },
 {
    "index":29,
    "name": "info:outusername",
    "type": "string"
 },
 {
    "index":30,
    "name": "info:outdeviceid",
    "type": "string"
 },
 {
    "index":31,
    "name": "info:outdevicename",
    "type": "string"
 },
 {
    "index":32,
    "name": "info:outdeviceentrytype",
    "type": "string"
 },
 {
    "index":33,
    "name": "info:outpicturefile",
    "type": "string"
 },
 {
    "index":34,
    "name": "info:carno",
    "type": "string"
 },
 {
    "index":35,
    "name": "info:carstatus",
    "type": "string"
 },
 {
    "index":36,
    "name": "info:carcolor",
    "type": "string"
 },
 {
    "index":37,
    "name": "info:eventtype",
    "type": "string"
 },
 {
    "index":38,
    "name": "info:chargingtype",
    "type": "string"
 },
 {
    "index":39,
    "name": "info:paytypename",
    "type": "string"
 },
 {
    "index":40,
    "name": "info:currencyname",
    "type": "string"
 },
 {
    "index":41,
    "name": "info:charge1",
    "type": "string"
 },
 {
    "index":42,
    "name": "info:charge2",
    "type": "string"
 },
 {
    "index":43,
    "name": "info:charge3",
    "type": "string"
 },
 {
    "index":44,
    "name": "info:charge4",
    "type": "string"
 },
 {
    "index":45,
    "name": "info:remark",
    "type": "string"
 },
 {
    "index":46,
    "name": "info:remark1",
    "type": "string"
 },
 {
    "index":47,
    "name": "info:remark2",
    "type": "string"
 },
 {
    "index":48,
    "name": "info:lockflag",
    "type": "string"
 },
 {
    "index":49,
    "name": "info:haspresetflag",
    "type": "string"
 },
 {
    "index":50,
    "name": "info:optdate",
    "type": "string"
 },
 {
    "index":51,
    "name": "info:bcname",
    "type": "string"
 },
 {
    "index":52,
    "name": "info:inworkstationip",
    "type": "string"
 },
 {
    "index":53,
    "name": "info:outworkstationip",
    "type": "string"
 },
 {
    "index":54,
    "name": "info:syncflag",
    "type": "string"
 },
 {
    "index":55,
    "name": "info:syncdown",
    "type": "string"
 },
 {
    "index":56,
    "name": "info:synflagid",
    "type": "string"
 },
 {
    "index":57,
    "name": "info:recordnumber",
    "type": "string"
 },
 {
    "index":58,
    "name": "info:recordtype",
    "type": "string"
 },
 {
    "index":59,
    "name": "info:guid",
    "type": "string"
 },
 {
    "index":60,
    "name": "info:appuserid",
    "type": "string"
 },
 {
    "index":61,
    "name": "info:appsignatorystatus",
    "type": "string"
 },
 {
    "index":62,
    "name": "info:cloudplaceshareflag",
    "type": "string"
 },
 {
    "index":63,
    "name": "info:shareorderid",
    "type": "string"
 },
 {
    "index":64,
    "name": "info:billno",
    "type": "string"
 },
 {
    "index":65,
    "name": "info:tempcardflag",
    "type": "string"
 },
 {
    "index":66,
    "name": "info:id",
    "type": "string"
 },
 {
    "index":67,
    "name": "info:market_id",
    "type": "string"
 }
            ],           
            "encoding": "utf-8"
          }
        }
      }
    ]
  }
}