{
  "job": {
    "setting": {
      "speed": {
        "channel": 5
      }
    },
    "content": [
      {
       "reader": {
                    "name": "mysqlreader",
                    "parameter": {
                        "username": "hft_ro",
                        "password": "8SezZdtuoUTJ5MBLXdcD6XJv5czwBkD",
                        "column": [
                            "id","order_id","trade_no","trans_channel","trans_type","trans_way","scan_channel","pay_code","card_info","ref_num","trace_no","batch_no","out_name","rep_order_id","party_business_id","party_terminal_no","sub_code","sub_code_des","trans_at","create_time"
                        ],
			"where":"",
                        "connection": [
                            {
                                "table": [
                                    "intel_order_payment"
                                ],
                                "jdbcUrl":[
                                  "jdbc:mysql://rr-2ze8nqixl9wq6ei041o.mysql.rds.aliyuncs.com:3306/hopson_hft?useUnicode=true&characterEncoding=UTF-8"
                                ]
                            }
                        ]
                    }
                },
         "writer": {
          "name": "hbase11xwriter",
          "parameter": {
            "hbaseConfig": {
               "hbase.zookeeper.quorum": "10.2.39.165:2181,10.2.39.166:2181,10.2.39.182:2181"
            },
            "table": "hopsonone:source_intel_order_payment",
            "mode": "normal",
            "rowkeyColumn": [
                
{
  "index":0,
  "type":"string"
}
            ],
            "column": [
              
 {
    "index":1,
    "name": "info:order_id",
    "type": "string"
 },
 {
    "index":2,
    "name": "info:trade_no",
    "type": "string"
 },
 {
    "index":3,
    "name": "info:trans_channel",
    "type": "string"
 },
 {
    "index":4,
    "name": "info:trans_type",
    "type": "string"
 },
 {
    "index":5,
    "name": "info:trans_way",
    "type": "string"
 },
 {
    "index":6,
    "name": "info:scan_channel",
    "type": "string"
 },
 {
    "index":7,
    "name": "info:pay_code",
    "type": "string"
 },
 {
    "index":8,
    "name": "info:card_info",
    "type": "string"
 },
 {
    "index":9,
    "name": "info:ref_num",
    "type": "string"
 },
 {
    "index":10,
    "name": "info:trace_no",
    "type": "string"
 },
 {
    "index":11,
    "name": "info:batch_no",
    "type": "string"
 },
 {
    "index":12,
    "name": "info:out_name",
    "type": "string"
 },
 {
    "index":13,
    "name": "info:rep_order_id",
    "type": "string"
 },
 {
    "index":14,
    "name": "info:party_business_id",
    "type": "string"
 },
 {
    "index":15,
    "name": "info:party_terminal_no",
    "type": "string"
 },
 {
    "index":16,
    "name": "info:sub_code",
    "type": "string"
 },
 {
    "index":17,
    "name": "info:sub_code_des",
    "type": "string"
 },
 {
    "index":18,
    "name": "info:trans_at",
    "type": "string"
 },
 {
    "index":19,
    "name": "info:create_time",
    "type": "string"
 }
            ],           
            "encoding": "utf-8"
          }
        }
      }
    ]
  }
}
