{
  "job": {
    "setting": {
      "speed": {
        "channel": 5
      }
    },
    "content": [
      {
       "reader": {
                    "name": "mysqlreader",
                    "parameter": {
                        "username": "hopsonone",
                        "password": "hopsonone123",
                        "column": [
                            "xh","trade_no","js_out_trade_no","product_line","pay_way","out_trade_no","order_type","business_type","subject","payable_fee","discount_fee","total_fee","discount_tags","coupon","coupon_value","coupon_actual_value","point","point_value","reduce","reduce_value","reduce_actual_value","reduce_business_value","reduce_num","state","pay_type","market_id","buyer_id","nick_name","m_mobile","seller_id","seller_name","create_dt","payment_dt","update_dt","expire_dt","service_time","car_no","in_time","out_time","error_dt","openId","channel"
                        ],
			"where":"where create_dt >= DATE_SUB(NOW(),INTERVAL 20 MINUTE)",
                        "connection": [
                            {
                                "table": [
                                    "orders"
                                ],
                                "jdbcUrl":[
                                  "jdbc:mysql://10.2.39.40:3306/hopsonone_park?useUnicode=true&characterEncoding=UTF-8"
                                ]
                            }
                        ]
                    }
                },
         "writer": {
          "name": "hbase11xwriter",
          "parameter": {
            "hbaseConfig": {
               "hbase.zookeeper.quorum": "10.2.39.165:2181,10.2.39.166:2181,10.2.39.182:2181"
            },
            "table": "hopsonone:source_orders",
            "mode": "normal",
            "rowkeyColumn": [
                
{
  "index":0,
  "type":"string"
},
{
  "index":-1,
  "type":"string",
  "value":"_"
},
{
  "index":1,
  "type":"string"
}
            ],
            "column": [
              
 {
    "index":2,
    "name": "info:xh",
    "type": "string"
 },
 {
    "index":4,
    "name": "info:trade_no",
    "type": "string"
 },
 {
    "index":6,
    "name": "info:js_out_trade_no",
    "type": "string"
 },
 {
    "index":8,
    "name": "info:product_line",
    "type": "string"
 },
 {
    "index":10,
    "name": "info:pay_way",
    "type": "string"
 },
 {
    "index":12,
    "name": "info:out_trade_no",
    "type": "string"
 },
 {
    "index":14,
    "name": "info:order_type",
    "type": "string"
 },
 {
    "index":16,
    "name": "info:business_type",
    "type": "string"
 },
 {
    "index":18,
    "name": "info:subject",
    "type": "string"
 },
 {
    "index":20,
    "name": "info:payable_fee",
    "type": "string"
 },
 {
    "index":22,
    "name": "info:discount_fee",
    "type": "string"
 },
 {
    "index":24,
    "name": "info:total_fee",
    "type": "string"
 },
 {
    "index":26,
    "name": "info:discount_tags",
    "type": "string"
 },
 {
    "index":28,
    "name": "info:coupon",
    "type": "string"
 },
 {
    "index":30,
    "name": "info:coupon_value",
    "type": "string"
 },
 {
    "index":32,
    "name": "info:coupon_actual_value",
    "type": "string"
 },
 {
    "index":34,
    "name": "info:point",
    "type": "string"
 },
 {
    "index":36,
    "name": "info:point_value",
    "type": "string"
 },
 {
    "index":38,
    "name": "info:reduce",
    "type": "string"
 },
 {
    "index":40,
    "name": "info:reduce_value",
    "type": "string"
 },
 {
    "index":42,
    "name": "info:reduce_actual_value",
    "type": "string"
 },
 {
    "index":44,
    "name": "info:reduce_business_value",
    "type": "string"
 },
 {
    "index":46,
    "name": "info:reduce_num",
    "type": "string"
 },
 {
    "index":48,
    "name": "info:state",
    "type": "string"
 },
 {
    "index":50,
    "name": "info:pay_type",
    "type": "string"
 },
 {
    "index":52,
    "name": "info:market_id",
    "type": "string"
 },
 {
    "index":54,
    "name": "info:buyer_id",
    "type": "string"
 },
 {
    "index":56,
    "name": "info:nick_name",
    "type": "string"
 },
 {
    "index":58,
    "name": "info:m_mobile",
    "type": "string"
 },
 {
    "index":60,
    "name": "info:seller_id",
    "type": "string"
 },
 {
    "index":62,
    "name": "info:seller_name",
    "type": "string"
 },
 {
    "index":64,
    "name": "info:create_dt",
    "type": "string"
 },
 {
    "index":66,
    "name": "info:payment_dt",
    "type": "string"
 },
 {
    "index":68,
    "name": "info:update_dt",
    "type": "string"
 },
 {
    "index":70,
    "name": "info:expire_dt",
    "type": "string"
 },
 {
    "index":72,
    "name": "info:service_time",
    "type": "string"
 },
 {
    "index":74,
    "name": "info:car_no",
    "type": "string"
 },
 {
    "index":76,
    "name": "info:in_time",
    "type": "string"
 },
 {
    "index":78,
    "name": "info:out_time",
    "type": "string"
 },
 {
    "index":80,
    "name": "info:error_dt",
    "type": "string"
 },
 {
    "index":82,
    "name": "info:openId",
    "type": "string"
 },
 {
    "index":84,
    "name": "info:channel",
    "type": "string"
 }
            ],           
            "encoding": "utf-8"
          }
        }
      }
    ]
  }
}
