{
  "job": {
    "setting": {
      "speed": {
        "channel": 5
      }
    },
    "content": [
      {
       "reader": {
                    "name": "mysqlreader",
                    "parameter": {
                        "username": "hopsononebi_ro",
                        "password": "7RH1UX0bisVDot0v",
                        "column": [
                            "xh","trade_no","days","effective_time","due_time","opt_type","business_trade_no","total_fee","coupons_number","coupons_name","coupons_id","price_id","price_title","plus_card_type","price_month"
                        ],
			"where":"where effective_time >= DATE_SUB(NOW(),INTERVAL 1 DAY)",
                        "connection": [
                            {
                                "table": [
                                    "orders_detail_plusvip"
                                ],
                                "jdbcUrl":[
                                  "jdbc:mysql://rr-2zekl959654j1k49r6o.mysql.rds.aliyuncs.com:3306/hopsonone_order_center?useUnicode=true&characterEncoding=UTF-8"
                                ]
                            }
                        ]
                    }
                },
         "writer": {
          "name": "hbase11xwriter",
          "parameter": {
            "hbaseConfig": {
               "hbase.zookeeper.quorum": "10.2.39.84:2181,10.2.39.89:2181,10.2.39.67:2181"
            },
            "table": "hopsonone:source_orders_detail_plusvip",
            "mode": "normal",
            "rowkeyColumn": [
                
{
  "index":0,
  "type":"string"
}
            ],
            "column": [
              
 {
    "index":1,
    "name": "info:trade_no",
    "type": "string"
 },
 {
    "index":2,
    "name": "info:days",
    "type": "string"
 },
 {
    "index":3,
    "name": "info:effective_time",
    "type": "string"
 },
 {
    "index":4,
    "name": "info:due_time",
    "type": "string"
 },
 {
    "index":5,
    "name": "info:opt_type",
    "type": "string"
 },
 {
    "index":6,
    "name": "info:business_trade_no",
    "type": "string"
 },
 {
    "index":7,
    "name": "info:total_fee",
    "type": "string"
 },
 {
    "index":8,
    "name": "info:coupons_number",
    "type": "string"
 },
 {
    "index":9,
    "name": "info:coupons_name",
    "type": "string"
 },
 {
    "index":10,
    "name": "info:coupons_id",
    "type": "string"
 },
 {
    "index":11,
    "name": "info:price_id",
    "type": "string"
 },
 {
    "index":12,
    "name": "info:price_title",
    "type": "string"
 },
 {
    "index":13,
    "name": "info:plus_card_type",
    "type": "string"
 },
 {
    "index":14,
    "name": "info:price_month",
    "type": "string"
 }
            ],           
            "encoding": "utf-8"
          }
        }
      }
    ]
  }
}
