{
  "job": {
    "setting": {
      "speed": {
        "channel": 5
      }
    },
    "content": [
      {
       "reader": {
                    "name": "mysqlreader",
                    "parameter": {
                        "username": "hopsononebi_ro",
                        "password": "7RH1UX0bisVDot0v",
                        "column": [
                            "id","id","trade_no","trade_date","audit_status","lock_status","report_status","flow","adjust_flow","report_people","report_people_id","business_id","shop_no","market_id","operator_people","manage_people","img","audit_time","lock_time","report_time","update_time","create_time","remark","office_building_id","type","error_code"
                        ],
                        "connection": [
                            {
                                "table": [
                                    "sales_report_day"
                                ],
                                "jdbcUrl":[
                                  "jdbc:mysql://rr-2zekl959654j1k49r6o.mysql.rds.aliyuncs.com:3306/shop_side_operation?useUnicode=true&characterEncoding=UTF-8"
                                ]
                            }
                        ]
                    }
                },
         "writer": {
          "name": "hbase11xwriter",
          "parameter": {
            "hbaseConfig": {
               "hbase.zookeeper.quorum": "10.2.39.165:2181,10.2.39.166:2181,10.2.39.182:2181"
            },
            "table": "hopsonone:source_sales_report_day",
            "mode": "normal",
            "rowkeyColumn": [
                
{
  "index":0,
  "type":"string"
}
            ],
            "column": [
              
 {
    "index":1,
    "name": "info:id",
    "type": "string"
 },
 {
    "index":2,
    "name": "info:trade_no",
    "type": "string"
 },
 {
    "index":3,
    "name": "info:trade_date",
    "type": "string"
 },
 {
    "index":4,
    "name": "info:audit_status",
    "type": "string"
 },
 {
    "index":5,
    "name": "info:lock_status",
    "type": "string"
 },
 {
    "index":6,
    "name": "info:report_status",
    "type": "string"
 },
 {
    "index":7,
    "name": "info:flow",
    "type": "string"
 },
 {
    "index":8,
    "name": "info:adjust_flow",
    "type": "string"
 },
 {
    "index":9,
    "name": "info:report_people",
    "type": "string"
 },
 {
    "index":10,
    "name": "info:report_people_id",
    "type": "string"
 },
 {
    "index":11,
    "name": "info:business_id",
    "type": "string"
 },
 {
    "index":12,
    "name": "info:shop_no",
    "type": "string"
 },
 {
    "index":13,
    "name": "info:market_id",
    "type": "string"
 },
 {
    "index":14,
    "name": "info:operator_people",
    "type": "string"
 },
 {
    "index":15,
    "name": "info:manage_people",
    "type": "string"
 },
 {
    "index":16,
    "name": "info:img",
    "type": "string"
 },
 {
    "index":17,
    "name": "info:audit_time",
    "type": "string"
 },
 {
    "index":18,
    "name": "info:lock_time",
    "type": "string"
 },
 {
    "index":19,
    "name": "info:report_time",
    "type": "string"
 },
 {
    "index":20,
    "name": "info:update_time",
    "type": "string"
 },
 {
    "index":21,
    "name": "info:create_time",
    "type": "string"
 },
 {
    "index":22,
    "name": "info:remark",
    "type": "string"
 },
 {
    "index":23,
    "name": "info:office_building_id",
    "type": "string"
 },
 {
    "index":24,
    "name": "info:type",
    "type": "string"
 },
 {
    "index":25,
    "name": "info:error_code",
    "type": "string"
 }
            ],           
            "encoding": "utf-8"
          }
        }
      }
    ]
  }
}