{
  "job": {
    "setting": {
      "speed": {
        "channel": 5
      }
    },
    "content": [
      {
       "reader": {
                    "name": "mysqlreader",
                    "parameter": {
                        "username": "hopsononebi_ro",
                        "password": "7RH1UX0bisVDot0v",
                        "column": [
                            "id","id","market_id","generalize_id","activity_id","m_id","share_mid","qr_code_id","create_time","update_time"
                        ],
			"where":"update_time >= DATE_SUB(NOW(),INTERVAL 1 DAY)",
                        "connection": [
                            {
                                "table": [
                                    "activity_promotion_detail"
                                ],
                                "jdbcUrl":[
                                  "jdbc:mysql://rr-2zekl959654j1k49r6o.mysql.rds.aliyuncs.com:3306/hopsonone_activity?useUnicode=true&characterEncoding=UTF-8"
                                ]
                            }
                        ]
                    }
                },
         "writer": {
          "name": "hbase11xwriter",
          "parameter": {
            "hbaseConfig": {
               "hbase.zookeeper.quorum": "10.2.39.165:2181,10.2.39.166:2181,10.2.39.182:2181"
            },
            "table": "hopsonone:source_activity_promotion_detail",
            "mode": "normal",
            "rowkeyColumn": [
                
{
  "index":0,
  "type":"string"
}
            ],
            "column": [
              
 {
    "index":1,
    "name": "info:id",
    "type": "string"
 },
 {
    "index":2,
    "name": "info:market_id",
    "type": "string"
 },
 {
    "index":3,
    "name": "info:generalize_id",
    "type": "string"
 },
 {
    "index":4,
    "name": "info:activity_id",
    "type": "string"
 },
 {
    "index":5,
    "name": "info:m_id",
    "type": "string"
 },
 {
    "index":6,
    "name": "info:share_mid",
    "type": "string"
 },
 {
    "index":7,
    "name": "info:qr_code_id",
    "type": "string"
 },
 {
    "index":8,
    "name": "info:create_time",
    "type": "string"
 },
 {
    "index":9,
    "name": "info:update_time",
    "type": "string"
 }
            ],           
            "encoding": "utf-8"
          }
        }
      }
    ]
  }
}
