/*
SQLyog Ultimate v11.24 (64 bit)
MySQL - 5.6.44-log : Database - puppet
*********************************************************************
*/


/*!40101 SET NAMES utf8 */;

/*!40101 SET SQL_MODE=''*/;

/*!40014 SET @OLD_UNIQUE_CHECKS=@@UNIQUE_CHECKS, UNIQUE_CHECKS=0 */;
/*!40101 SET @OLD_SQL_MODE=@@SQL_MODE, SQL_MODE='NO_AUTO_VALUE_ON_ZERO' */;
/*!40111 SET @OLD_SQL_NOTES=@@SQL_NOTES, SQL_NOTES=0 */;
USE `puppet`;

insert  into `t_dmlx`(`dm`,`mc`,`flag`,`create_time`,`update_time`) values ('01','部门','1','2020-05-11 09:14:29','2020-05-14 15:28:20');
insert  into `t_dmlx`(`dm`,`mc`,`flag`,`create_time`,`update_time`) values ('02','数据源类型','1','2020-05-11 09:14:29','2020-05-11 09:14:29');
insert  into `t_dmlx`(`dm`,`mc`,`flag`,`create_time`,`update_time`) values ('03','数据库环境','1','2020-05-11 09:14:29','2020-05-11 09:14:29');
insert  into `t_dmlx`(`dm`,`mc`,`flag`,`create_time`,`update_time`) values ('04','性别','1','2020-05-11 09:14:29','2020-05-11 09:14:29');
insert  into `t_dmlx`(`dm`,`mc`,`flag`,`create_time`,`update_time`) values ('05','项目编码','1','2020-05-11 09:14:29','2020-05-11 09:14:29');
insert  into `t_dmlx`(`dm`,`mc`,`flag`,`create_time`,`update_time`) values ('06','服务器类型','1','2020-05-11 09:14:29','2020-05-11 09:14:29');
insert  into `t_dmlx`(`dm`,`mc`,`flag`,`create_time`,`update_time`) values ('07','数据库实例类型','1','2020-05-11 09:14:29','2020-05-11 09:14:29');
insert  into `t_dmlx`(`dm`,`mc`,`flag`,`create_time`,`update_time`) values ('08','同步业务类型','1','2020-05-11 09:14:29','2020-05-11 09:14:29');
insert  into `t_dmlx`(`dm`,`mc`,`flag`,`create_time`,`update_time`) values ('09','同步数据类型','1','2020-05-11 09:14:29','2020-05-11 09:14:29');
insert  into `t_dmlx`(`dm`,`mc`,`flag`,`create_time`,`update_time`) values ('10','同步时间类型','1','2020-05-11 09:14:29','2020-05-11 09:14:29');
insert  into `t_dmlx`(`dm`,`mc`,`flag`,`create_time`,`update_time`) values ('11','数据源类型','1','2020-05-11 09:14:29','2020-05-11 09:14:29');
insert  into `t_dmlx`(`dm`,`mc`,`flag`,`create_time`,`update_time`) values ('12','版本号','1','2020-05-11 09:14:29','2020-05-11 09:14:29');
insert  into `t_dmlx`(`dm`,`mc`,`flag`,`create_time`,`update_time`) values ('13','工单类型','1','2020-05-11 09:14:29','2020-05-11 09:14:29');
insert  into `t_dmlx`(`dm`,`mc`,`flag`,`create_time`,`update_time`) values ('14','测试大类','1','2020-05-11 09:14:29','2020-05-11 09:14:29');
insert  into `t_dmlx`(`dm`,`mc`,`flag`,`create_time`,`update_time`) values ('15','zookeeper地址','1','2020-05-11 09:14:29','2020-05-11 09:14:29');
insert  into `t_dmlx`(`dm`,`mc`,`flag`,`create_time`,`update_time`) values ('16','hbase thrift接口地址','1','2020-05-11 09:14:29','2020-05-11 09:14:29');
insert  into `t_dmlx`(`dm`,`mc`,`flag`,`create_time`,`update_time`) values ('17','工单类型','1','2020-05-11 09:14:29','2020-05-11 09:14:29');
insert  into `t_dmlx`(`dm`,`mc`,`flag`,`create_time`,`update_time`) values ('18','项目组','1','2020-05-11 09:14:29','2020-05-11 09:14:29');
insert  into `t_dmlx`(`dm`,`mc`,`flag`,`create_time`,`update_time`) values ('19','工单状态','1','2020-05-11 09:14:29','2020-05-11 09:14:29');
insert  into `t_dmlx`(`dm`,`mc`,`flag`,`create_time`,`update_time`) values ('20','归档时间类型','1','2020-05-11 09:14:29','2020-05-11 09:14:29');
insert  into `t_dmlx`(`dm`,`mc`,`flag`,`create_time`,`update_time`) values ('21','归档策略','1','2020-05-11 09:14:29','2020-05-11 09:14:29');
insert  into `t_dmlx`(`dm`,`mc`,`flag`,`create_time`,`update_time`) values ('22','迁移策略','1','2020-05-11 09:14:29','2020-05-11 09:14:29');
insert  into `t_dmlx`(`dm`,`mc`,`flag`,`create_time`,`update_time`) values ('23','指标类型','1','2020-05-11 09:14:29','2020-05-11 09:14:29');
insert  into `t_dmlx`(`dm`,`mc`,`flag`,`create_time`,`update_time`) values ('24','阀值类型','1','2020-05-11 09:14:29','2020-05-11 09:14:29');
insert  into `t_dmlx`(`dm`,`mc`,`flag`,`create_time`,`update_time`) values ('25','数据库用户状态','1','2020-05-11 09:14:29','2020-05-11 09:14:29');

/*Data for the table `t_dmmx` */

insert  into `t_dmmx`(`dm`,`dmm`,`dmmc`,`flag`,`create_time`,`update_time`) values ('','',NULL,'1','2020-05-11 09:15:35','2020-05-11 09:15:35');
insert  into `t_dmmx`(`dm`,`dmm`,`dmmc`,`flag`,`create_time`,`update_time`) values ('01','01','研发部','1','2020-05-11 09:15:35','2020-05-11 09:15:35');
insert  into `t_dmmx`(`dm`,`dmm`,`dmmc`,`flag`,`create_time`,`update_time`) values ('01','02','测试部','1','2020-05-11 09:15:35','2020-05-11 09:15:35');
insert  into `t_dmmx`(`dm`,`dmm`,`dmmc`,`flag`,`create_time`,`update_time`) values ('01','03','项目部','1','2020-05-11 09:15:35','2020-05-11 09:15:35');
insert  into `t_dmmx`(`dm`,`dmm`,`dmmc`,`flag`,`create_time`,`update_time`) values ('01','04','人力部','1','2020-05-11 09:15:35','2020-05-11 09:15:35');
insert  into `t_dmmx`(`dm`,`dmm`,`dmmc`,`flag`,`create_time`,`update_time`) values ('01','05','行政部','1','2020-05-11 09:15:35','2020-05-11 09:15:35');
insert  into `t_dmmx`(`dm`,`dmm`,`dmmc`,`flag`,`create_time`,`update_time`) values ('01','06','平台组','1','2020-05-11 09:15:35','2020-05-11 09:15:35');
insert  into `t_dmmx`(`dm`,`dmm`,`dmmc`,`flag`,`create_time`,`update_time`) values ('01','07','实施组','1','2020-05-11 09:15:35','2020-05-11 09:15:35');
insert  into `t_dmmx`(`dm`,`dmm`,`dmmc`,`flag`,`create_time`,`update_time`) values ('02','0','mysql','1','2020-05-11 09:15:35','2020-05-11 09:15:35');
insert  into `t_dmmx`(`dm`,`dmm`,`dmmc`,`flag`,`create_time`,`update_time`) values ('02','1','oracle','1','2020-05-11 09:15:35','2020-05-11 09:15:35');
insert  into `t_dmmx`(`dm`,`dmm`,`dmmc`,`flag`,`create_time`,`update_time`) values ('02','2','mssql','1','2020-05-11 09:15:35','2020-05-11 09:15:35');
insert  into `t_dmmx`(`dm`,`dmm`,`dmmc`,`flag`,`create_time`,`update_time`) values ('02','3','postgresql','1','2020-05-11 09:15:35','2020-05-11 09:15:35');
insert  into `t_dmmx`(`dm`,`dmm`,`dmmc`,`flag`,`create_time`,`update_time`) values ('02','4','elasticsearch','1','2020-05-11 09:15:35','2020-05-11 09:15:35');
insert  into `t_dmmx`(`dm`,`dmm`,`dmmc`,`flag`,`create_time`,`update_time`) values ('02','5','redis','1','2020-05-11 09:15:35','2020-05-11 09:15:35');
insert  into `t_dmmx`(`dm`,`dmm`,`dmmc`,`flag`,`create_time`,`update_time`) values ('02','6','mongodb','1','2020-05-11 09:15:35','2020-05-11 09:15:35');
insert  into `t_dmmx`(`dm`,`dmm`,`dmmc`,`flag`,`create_time`,`update_time`) values ('03','1','生产环境','1','2020-05-11 09:15:35','2020-05-11 09:15:35');
insert  into `t_dmmx`(`dm`,`dmm`,`dmmc`,`flag`,`create_time`,`update_time`) values ('03','2','测试环境','1','2020-05-11 09:15:35','2020-05-11 09:15:35');
insert  into `t_dmmx`(`dm`,`dmm`,`dmmc`,`flag`,`create_time`,`update_time`) values ('03','3','开发环境','1','2020-05-11 09:15:35','2020-05-11 09:15:35');
insert  into `t_dmmx`(`dm`,`dmm`,`dmmc`,`flag`,`create_time`,`update_time`) values ('03','4','预生产环境','1','2020-05-11 09:15:35','2020-05-11 09:15:35');
insert  into `t_dmmx`(`dm`,`dmm`,`dmmc`,`flag`,`create_time`,`update_time`) values ('03','5','大数据环境','1','2020-05-11 09:15:35','2020-05-11 09:15:35');
insert  into `t_dmmx`(`dm`,`dmm`,`dmmc`,`flag`,`create_time`,`update_time`) values ('03','6','平台组环境','1','2020-05-11 09:15:35','2020-05-11 09:15:35');
insert  into `t_dmmx`(`dm`,`dmm`,`dmmc`,`flag`,`create_time`,`update_time`) values ('04','1','男','1','2020-05-11 09:15:35','2020-05-11 09:15:35');
insert  into `t_dmmx`(`dm`,`dmm`,`dmmc`,`flag`,`create_time`,`update_time`) values ('04','2','女','1','2020-05-11 09:15:35','2020-05-11 09:15:35');
insert  into `t_dmmx`(`dm`,`dmm`,`dmmc`,`flag`,`create_time`,`update_time`) values ('05','000','合生通项目','1','2020-05-11 09:15:35','2020-05-11 09:15:35');
insert  into `t_dmmx`(`dm`,`dmm`,`dmmc`,`flag`,`create_time`,`update_time`) values ('05','001','好房项目','1','2020-05-11 09:15:35','2020-05-11 09:15:35');
insert  into `t_dmmx`(`dm`,`dmm`,`dmmc`,`flag`,`create_time`,`update_time`) values ('05','002','会付通项目','1','2020-05-11 09:15:35','2020-05-11 09:15:35');
insert  into `t_dmmx`(`dm`,`dmm`,`dmmc`,`flag`,`create_time`,`update_time`) values ('05','003','平台组项目','1','2020-05-15 11:27:57','2020-05-15 11:27:57');
insert  into `t_dmmx`(`dm`,`dmm`,`dmmc`,`flag`,`create_time`,`update_time`) values ('05','10230','西安时代广场	','1','2020-05-11 09:15:35','2020-05-11 09:15:35');
insert  into `t_dmmx`(`dm`,`dmm`,`dmmc`,`flag`,`create_time`,`update_time`) values ('05','108','成都珠江广场','1','2020-05-11 09:15:35','2020-05-11 09:15:35');
insert  into `t_dmmx`(`dm`,`dmm`,`dmmc`,`flag`,`create_time`,`update_time`) values ('05','110','上海五角场','1','2020-05-11 09:15:35','2020-05-11 09:15:35');
insert  into `t_dmmx`(`dm`,`dmm`,`dmmc`,`flag`,`create_time`,`update_time`) values ('05','132','广州嘉和南项目','1','2020-05-11 09:15:35','2020-05-11 09:15:35');
insert  into `t_dmmx`(`dm`,`dmm`,`dmmc`,`flag`,`create_time`,`update_time`) values ('05','141','北京合生财富广场','1','2020-05-11 09:15:35','2020-05-11 09:15:35');
insert  into `t_dmmx`(`dm`,`dmm`,`dmmc`,`flag`,`create_time`,`update_time`) values ('05','145','广州珠江投资大厦','1','2020-05-11 09:15:35','2020-05-11 09:15:35');
insert  into `t_dmmx`(`dm`,`dmm`,`dmmc`,`flag`,`create_time`,`update_time`) values ('05','150','广州合生骏景广场','1','2020-05-11 09:15:35','2020-05-11 09:15:35');
insert  into `t_dmmx`(`dm`,`dmm`,`dmmc`,`flag`,`create_time`,`update_time`) values ('05','159','上海静安珠江创意中心','1','2020-06-15 14:37:18','2020-06-15 14:37:18');
insert  into `t_dmmx`(`dm`,`dmm`,`dmmc`,`flag`,`create_time`,`update_time`) values ('05','164','北京合生广场','1','2020-05-11 09:15:35','2020-05-11 09:15:35');
insert  into `t_dmmx`(`dm`,`dmm`,`dmmc`,`flag`,`create_time`,`update_time`) values ('05','170','广州嘉和北项目','1','2020-05-11 09:15:35','2020-05-11 09:15:35');
insert  into `t_dmmx`(`dm`,`dmm`,`dmmc`,`flag`,`create_time`,`update_time`) values ('05','183','上海海云天合生财富广场','1','2020-05-11 09:15:35','2020-05-11 09:15:35');
insert  into `t_dmmx`(`dm`,`dmm`,`dmmc`,`flag`,`create_time`,`update_time`) values ('05','188','广州越华珠江国际大厦','1','2020-05-11 09:15:35','2020-05-11 09:15:35');
insert  into `t_dmmx`(`dm`,`dmm`,`dmmc`,`flag`,`create_time`,`update_time`) values ('05','194','广州南方花园	','1','2020-05-11 09:15:35','2020-05-11 09:15:35');
insert  into `t_dmmx`(`dm`,`dmm`,`dmmc`,`flag`,`create_time`,`update_time`) values ('05','20229','广州珠江国际纺织城	','1','2020-05-11 09:15:35','2020-05-11 09:15:35');
insert  into `t_dmmx`(`dm`,`dmm`,`dmmc`,`flag`,`create_time`,`update_time`) values ('05','203','杭州科华合生国贸中心','1','2020-05-11 09:15:35','2020-05-11 09:15:35');
insert  into `t_dmmx`(`dm`,`dmm`,`dmmc`,`flag`,`create_time`,`update_time`) values ('05','207','北京德胜财富广场','1','2020-05-11 09:15:35','2020-05-11 09:15:35');
insert  into `t_dmmx`(`dm`,`dmm`,`dmmc`,`flag`,`create_time`,`update_time`) values ('05','213','合生新天地','1','2020-05-11 09:15:35','2020-05-11 09:15:35');
insert  into `t_dmmx`(`dm`,`dmm`,`dmmc`,`flag`,`create_time`,`update_time`) values ('05','218','北京朝阳合生汇','1','2020-05-11 09:15:35','2020-05-11 09:15:35');
insert  into `t_dmmx`(`dm`,`dmm`,`dmmc`,`flag`,`create_time`,`update_time`) values ('05','234','上海青浦米格	','1','2020-05-11 09:15:35','2020-05-11 09:15:35');
insert  into `t_dmmx`(`dm`,`dmm`,`dmmc`,`flag`,`create_time`,`update_time`) values ('05','237','广州增城合生汇','1','2020-05-11 09:15:35','2020-05-11 09:15:35');
insert  into `t_dmmx`(`dm`,`dmm`,`dmmc`,`flag`,`create_time`,`update_time`) values ('05','249','上海茶岸园同步服务器','1','2020-06-01 16:19:40','2020-06-01 16:19:42');
insert  into `t_dmmx`(`dm`,`dmm`,`dmmc`,`flag`,`create_time`,`update_time`) values ('05','666','商管项目',NULL,NULL,NULL);
insert  into `t_dmmx`(`dm`,`dmm`,`dmmc`,`flag`,`create_time`,`update_time`) values ('05','777','集团项目','1','2020-05-11 09:15:35','2020-05-11 09:15:35');
insert  into `t_dmmx`(`dm`,`dmm`,`dmmc`,`flag`,`create_time`,`update_time`) values ('05','888','德利多富租赁系统','1','2020-05-11 09:15:35','2020-05-11 09:15:35');
insert  into `t_dmmx`(`dm`,`dmm`,`dmmc`,`flag`,`create_time`,`update_time`) values ('05','999','阿里云同步中转服务器','1','2020-05-11 09:15:35','2020-05-11 09:15:35');
insert  into `t_dmmx`(`dm`,`dmm`,`dmmc`,`flag`,`create_time`,`update_time`) values ('06','1','备份服务器','1','2020-05-11 09:15:35','2020-05-11 09:15:35');
insert  into `t_dmmx`(`dm`,`dmm`,`dmmc`,`flag`,`create_time`,`update_time`) values ('06','2','同步服务器','1','2020-05-11 09:15:35','2020-05-11 09:15:35');
insert  into `t_dmmx`(`dm`,`dmm`,`dmmc`,`flag`,`create_time`,`update_time`) values ('06','3','数据库服务器','1','2020-05-11 09:15:35','2020-05-11 09:15:35');
insert  into `t_dmmx`(`dm`,`dmm`,`dmmc`,`flag`,`create_time`,`update_time`) values ('07','1','ECS','1','2020-05-11 09:15:35','2020-05-11 09:15:35');
insert  into `t_dmmx`(`dm`,`dmm`,`dmmc`,`flag`,`create_time`,`update_time`) values ('07','2','RDS','1','2020-05-11 09:15:35','2020-05-11 09:15:35');
insert  into `t_dmmx`(`dm`,`dmm`,`dmmc`,`flag`,`create_time`,`update_time`) values ('08','1','离线客流','1','2020-05-11 09:15:35','2020-05-11 09:15:35');
insert  into `t_dmmx`(`dm`,`dmm`,`dmmc`,`flag`,`create_time`,`update_time`) values ('08','10','CMS数据','1','2020-05-11 09:15:35','2020-05-11 09:15:35');
insert  into `t_dmmx`(`dm`,`dmm`,`dmmc`,`flag`,`create_time`,`update_time`) values ('08','11','商户数据','1','2020-05-11 09:15:35','2020-05-11 09:15:35');
insert  into `t_dmmx`(`dm`,`dmm`,`dmmc`,`flag`,`create_time`,`update_time`) values ('08','12','卡券数据','1','2020-05-11 09:15:35','2020-05-11 09:15:35');
insert  into `t_dmmx`(`dm`,`dmm`,`dmmc`,`flag`,`create_time`,`update_time`) values ('08','13','订单数据','1','2020-05-11 09:15:35','2020-05-11 09:15:35');
insert  into `t_dmmx`(`dm`,`dmm`,`dmmc`,`flag`,`create_time`,`update_time`) values ('08','14','水单数据','1','2020-05-11 09:15:35','2020-05-11 09:15:35');
insert  into `t_dmmx`(`dm`,`dmm`,`dmmc`,`flag`,`create_time`,`update_time`) values ('08','15','好房业务','1','2020-05-11 09:15:35','2020-05-11 09:15:35');
insert  into `t_dmmx`(`dm`,`dmm`,`dmmc`,`flag`,`create_time`,`update_time`) values ('08','16','dataX同步','1','2020-05-11 09:15:35','2020-05-11 09:15:35');
insert  into `t_dmmx`(`dm`,`dmm`,`dmmc`,`flag`,`create_time`,`update_time`) values ('08','17','店铺商户关系','1','2020-05-11 09:15:35','2020-05-11 09:15:35');
insert  into `t_dmmx`(`dm`,`dmm`,`dmmc`,`flag`,`create_time`,`update_time`) values ('08','18','BI统计','1','2020-05-11 09:15:35','2020-05-11 09:15:35');
insert  into `t_dmmx`(`dm`,`dmm`,`dmmc`,`flag`,`create_time`,`update_time`) values ('08','19','收费员收费口','1','2020-05-11 09:15:35','2020-05-11 09:15:35');
insert  into `t_dmmx`(`dm`,`dmm`,`dmmc`,`flag`,`create_time`,`update_time`) values ('08','2','实时客流','1','2020-05-11 09:15:35','2020-05-11 09:15:35');
insert  into `t_dmmx`(`dm`,`dmm`,`dmmc`,`flag`,`create_time`,`update_time`) values ('08','3','离线车流','1','2020-05-11 09:15:35','2020-05-11 09:15:35');
insert  into `t_dmmx`(`dm`,`dmm`,`dmmc`,`flag`,`create_time`,`update_time`) values ('08','4','实时车流','1','2020-05-11 09:15:35','2020-05-11 09:15:35');
insert  into `t_dmmx`(`dm`,`dmm`,`dmmc`,`flag`,`create_time`,`update_time`) values ('08','5','客流设备','1','2020-05-11 09:15:35','2020-05-11 09:15:35');
insert  into `t_dmmx`(`dm`,`dmm`,`dmmc`,`flag`,`create_time`,`update_time`) values ('08','6','反向寻车','1','2020-05-11 09:15:35','2020-05-11 09:15:35');
insert  into `t_dmmx`(`dm`,`dmm`,`dmmc`,`flag`,`create_time`,`update_time`) values ('08','7','收费员结算','1','2020-05-11 09:15:35','2020-05-11 09:15:35');
insert  into `t_dmmx`(`dm`,`dmm`,`dmmc`,`flag`,`create_time`,`update_time`) values ('08','8','业绩上报','1','2020-05-11 09:15:35','2020-05-11 09:15:35');
insert  into `t_dmmx`(`dm`,`dmm`,`dmmc`,`flag`,`create_time`,`update_time`) values ('08','9','会员数据','1','2020-05-11 09:15:35','2020-05-11 09:15:35');
insert  into `t_dmmx`(`dm`,`dmm`,`dmmc`,`flag`,`create_time`,`update_time`) values ('09','1','mssql->mysql','1','2020-05-11 09:15:35','2020-05-11 09:15:35');
insert  into `t_dmmx`(`dm`,`dmm`,`dmmc`,`flag`,`create_time`,`update_time`) values ('09','2','mysql->mysql','1','2020-05-11 09:15:35','2020-05-11 09:15:35');
insert  into `t_dmmx`(`dm`,`dmm`,`dmmc`,`flag`,`create_time`,`update_time`) values ('09','3','mssql->mssql','1','2020-05-11 09:15:35','2020-05-11 09:15:35');
insert  into `t_dmmx`(`dm`,`dmm`,`dmmc`,`flag`,`create_time`,`update_time`) values ('09','4','mongo->mongo','1','2020-05-11 09:15:35','2020-05-11 09:15:35');
insert  into `t_dmmx`(`dm`,`dmm`,`dmmc`,`flag`,`create_time`,`update_time`) values ('09','5','mysql->hbase','1','2020-05-11 09:15:35','2020-05-11 09:15:35');
insert  into `t_dmmx`(`dm`,`dmm`,`dmmc`,`flag`,`create_time`,`update_time`) values ('10','day','天','1','2020-05-11 09:15:35','2020-05-11 09:15:35');
insert  into `t_dmmx`(`dm`,`dmm`,`dmmc`,`flag`,`create_time`,`update_time`) values ('10','hour','小时','1','2020-05-11 09:15:35','2020-05-11 09:15:35');
insert  into `t_dmmx`(`dm`,`dmm`,`dmmc`,`flag`,`create_time`,`update_time`) values ('10','min','分','1','2020-05-11 09:15:35','2020-05-11 09:15:35');
insert  into `t_dmmx`(`dm`,`dmm`,`dmmc`,`flag`,`create_time`,`update_time`) values ('11','1','备份数据源','1','2020-05-11 09:15:35','2020-05-11 09:15:35');
insert  into `t_dmmx`(`dm`,`dmm`,`dmmc`,`flag`,`create_time`,`update_time`) values ('11','2','同步数据源','1','2020-05-11 09:15:35','2020-05-11 09:15:35');
insert  into `t_dmmx`(`dm`,`dmm`,`dmmc`,`flag`,`create_time`,`update_time`) values ('12','1','V3.7.5','1','2020-05-11 09:15:35','2020-05-11 09:15:35');
insert  into `t_dmmx`(`dm`,`dmm`,`dmmc`,`flag`,`create_time`,`update_time`) values ('12','2','V3.7.6','1','2020-05-11 09:15:35','2020-05-11 09:15:35');
insert  into `t_dmmx`(`dm`,`dmm`,`dmmc`,`flag`,`create_time`,`update_time`) values ('13','1','DDL工单','1','2020-05-11 09:15:35','2020-05-11 09:15:35');
insert  into `t_dmmx`(`dm`,`dmm`,`dmmc`,`flag`,`create_time`,`update_time`) values ('13','2','DML工单','1','2020-05-11 09:15:35','2020-05-11 09:15:35');
insert  into `t_dmmx`(`dm`,`dmm`,`dmmc`,`flag`,`create_time`,`update_time`) values ('13','3','DCL工单','1','2020-05-11 09:15:35','2020-05-11 09:15:35');
insert  into `t_dmmx`(`dm`,`dmm`,`dmmc`,`flag`,`create_time`,`update_time`) values ('13','4','存储过程','1','2020-05-11 09:15:35','2020-05-11 09:15:35');
insert  into `t_dmmx`(`dm`,`dmm`,`dmmc`,`flag`,`create_time`,`update_time`) values ('15','10.2.39.165:2181,10.2.39.166:2181,10.2.39.182:2181','大数据开发zookeeper地址','1','2020-05-11 09:15:35','2020-05-11 09:15:35');
insert  into `t_dmmx`(`dm`,`dmm`,`dmmc`,`flag`,`create_time`,`update_time`) values ('15','10.2.39.84:2181,10.2.39.89:2181,10.2.39.67:2181','大数据测试zookeeper地址','1','2020-05-11 09:15:35','2020-05-11 09:15:35');
insert  into `t_dmmx`(`dm`,`dmm`,`dmmc`,`flag`,`create_time`,`update_time`) values ('15','192.168.100.63:2181,192.168.100.64:2181,192.168.100.69:2181','大数据生产zookeeper地址','1','2020-05-11 09:15:35','2020-05-11 09:15:35');
insert  into `t_dmmx`(`dm`,`dmm`,`dmmc`,`flag`,`create_time`,`update_time`) values ('16','10.2.39.165:9090','大数据开发thrift接口地址','1','2020-05-11 09:15:35','2020-05-11 09:15:35');
insert  into `t_dmmx`(`dm`,`dmm`,`dmmc`,`flag`,`create_time`,`update_time`) values ('16','10.2.39.84:9090','大数据测试thrift接口地址','1','2020-05-11 09:15:35','2020-05-11 09:15:35');
insert  into `t_dmmx`(`dm`,`dmm`,`dmmc`,`flag`,`create_time`,`update_time`) values ('16','192.168.100.63:9090','大数据生产thrift接口地址','1','2020-05-11 09:15:35','2020-05-11 09:15:35');
insert  into `t_dmmx`(`dm`,`dmm`,`dmmc`,`flag`,`create_time`,`update_time`) values ('17','1','数据传输','1','2020-05-11 09:15:35','2020-05-11 09:15:35');
insert  into `t_dmmx`(`dm`,`dmm`,`dmmc`,`flag`,`create_time`,`update_time`) values ('17','2','数据同步','1','2020-05-11 09:15:35','2020-05-11 09:15:35');
insert  into `t_dmmx`(`dm`,`dmm`,`dmmc`,`flag`,`create_time`,`update_time`) values ('17','3','账号权限','1','2020-05-11 09:15:35','2020-05-11 09:15:35');
insert  into `t_dmmx`(`dm`,`dmm`,`dmmc`,`flag`,`create_time`,`update_time`) values ('17','4','数据迁移','1','2020-05-11 09:15:35','2020-05-11 09:15:35');
insert  into `t_dmmx`(`dm`,`dmm`,`dmmc`,`flag`,`create_time`,`update_time`) values ('17','5','主从同步','1','2020-05-11 09:15:35','2020-05-11 09:15:35');
insert  into `t_dmmx`(`dm`,`dmm`,`dmmc`,`flag`,`create_time`,`update_time`) values ('17','6','数据备份','1','2020-05-11 09:15:35','2020-05-11 09:15:35');
insert  into `t_dmmx`(`dm`,`dmm`,`dmmc`,`flag`,`create_time`,`update_time`) values ('17','7','查询支持  ','1','2020-05-11 09:15:35','2020-05-11 09:15:35');
insert  into `t_dmmx`(`dm`,`dmm`,`dmmc`,`flag`,`create_time`,`update_time`) values ('17','8','查询优化','1','2020-05-11 09:15:35','2020-05-11 09:15:35');
insert  into `t_dmmx`(`dm`,`dmm`,`dmmc`,`flag`,`create_time`,`update_time`) values ('17','9','其它类型','1','2020-05-11 09:15:35','2020-05-11 09:15:35');
insert  into `t_dmmx`(`dm`,`dmm`,`dmmc`,`flag`,`create_time`,`update_time`) values ('18','1','合生通','1','2020-05-11 09:15:35','2020-05-11 09:15:35');
insert  into `t_dmmx`(`dm`,`dmm`,`dmmc`,`flag`,`create_time`,`update_time`) values ('18','2','好房','1','2020-05-11 09:15:35','2020-05-11 09:15:35');
insert  into `t_dmmx`(`dm`,`dmm`,`dmmc`,`flag`,`create_time`,`update_time`) values ('18','3','好生活','1','2020-05-11 09:15:35','2020-05-11 09:15:35');
insert  into `t_dmmx`(`dm`,`dmm`,`dmmc`,`flag`,`create_time`,`update_time`) values ('19','1','已新增','1','2020-05-11 09:15:35','2020-05-11 09:15:35');
insert  into `t_dmmx`(`dm`,`dmm`,`dmmc`,`flag`,`create_time`,`update_time`) values ('19','2','已发布','1','2020-05-11 09:15:35','2020-05-11 09:15:35');
insert  into `t_dmmx`(`dm`,`dmm`,`dmmc`,`flag`,`create_time`,`update_time`) values ('19','3','处理中','1','2020-05-11 09:15:35','2020-05-11 09:15:35');
insert  into `t_dmmx`(`dm`,`dmm`,`dmmc`,`flag`,`create_time`,`update_time`) values ('19','4','已完成','1','2020-05-11 09:15:35','2020-05-11 09:15:35');
insert  into `t_dmmx`(`dm`,`dmm`,`dmmc`,`flag`,`create_time`,`update_time`) values ('19','5','已驳回','1','2020-05-11 09:15:35','2020-05-11 09:15:35');
insert  into `t_dmmx`(`dm`,`dmm`,`dmmc`,`flag`,`create_time`,`update_time`) values ('19','6','已转派','1','2020-05-11 09:15:35','2020-05-11 09:15:35');
insert  into `t_dmmx`(`dm`,`dmm`,`dmmc`,`flag`,`create_time`,`update_time`) values ('19','7','已撤销','1','2020-05-11 09:15:35','2020-05-11 09:15:35');
insert  into `t_dmmx`(`dm`,`dmm`,`dmmc`,`flag`,`create_time`,`update_time`) values ('19','8','已关闭','1','2020-05-11 09:15:35','2020-05-11 09:15:35');
insert  into `t_dmmx`(`dm`,`dmm`,`dmmc`,`flag`,`create_time`,`update_time`) values ('20','1','hour','1','2020-05-11 09:15:35','2020-05-11 09:15:35');
insert  into `t_dmmx`(`dm`,`dmm`,`dmmc`,`flag`,`create_time`,`update_time`) values ('20','2','day','1','2020-05-11 09:15:35','2020-05-11 09:15:35');
insert  into `t_dmmx`(`dm`,`dmm`,`dmmc`,`flag`,`create_time`,`update_time`) values ('20','3','month','1','2020-05-11 09:15:35','2020-05-11 09:15:35');
insert  into `t_dmmx`(`dm`,`dmm`,`dmmc`,`flag`,`create_time`,`update_time`) values ('21','1','删除','1','2020-05-11 09:15:35','2020-05-11 09:15:35');
insert  into `t_dmmx`(`dm`,`dmm`,`dmmc`,`flag`,`create_time`,`update_time`) values ('21','2','迁移','1','2020-05-11 09:15:35','2020-05-11 09:15:35');
insert  into `t_dmmx`(`dm`,`dmm`,`dmmc`,`flag`,`create_time`,`update_time`) values ('22','1','周期','1','2020-05-11 09:15:35','2020-05-11 09:15:35');
insert  into `t_dmmx`(`dm`,`dmm`,`dmmc`,`flag`,`create_time`,`update_time`) values ('22','2','范围','1','2020-05-11 09:15:35','2020-05-11 09:15:35');
insert  into `t_dmmx`(`dm`,`dmm`,`dmmc`,`flag`,`create_time`,`update_time`) values ('23','1','服务器','1','2020-05-11 09:15:35','2020-05-11 09:15:35');
insert  into `t_dmmx`(`dm`,`dmm`,`dmmc`,`flag`,`create_time`,`update_time`) values ('23','2','数据库','1','2020-05-11 09:15:35','2020-05-11 09:15:35');
insert  into `t_dmmx`(`dm`,`dmm`,`dmmc`,`flag`,`create_time`,`update_time`) values ('24','1','百分比','1','2020-05-11 09:15:35','2020-05-11 09:15:35');
insert  into `t_dmmx`(`dm`,`dmm`,`dmmc`,`flag`,`create_time`,`update_time`) values ('24','2','计算型','1','2020-05-11 09:15:35','2020-05-11 09:15:35');
insert  into `t_dmmx`(`dm`,`dmm`,`dmmc`,`flag`,`create_time`,`update_time`) values ('24','3','标量值','1','2020-05-11 09:15:35','2020-05-11 09:15:35');
insert  into `t_dmmx`(`dm`,`dmm`,`dmmc`,`flag`,`create_time`,`update_time`) values ('25','1','正常','1','2020-05-14 18:57:14','2020-05-14 18:57:20');
insert  into `t_dmmx`(`dm`,`dmm`,`dmmc`,`flag`,`create_time`,`update_time`) values ('25','2','	停用','1','2020-05-14 18:57:17','2020-05-14 18:57:22');
insert  into `t_dmmx`(`dm`,`dmm`,`dmmc`,`flag`,`create_time`,`update_time`) values ('25','3','锁定','1','2020-05-15 11:27:57','2020-05-15 11:27:57');

/*Data for the table `t_func` */

insert  into `t_func`(`id`,`func_name`,`func_url`,`priv_id`,`status`,`creation_date`,`creator`,`last_update_date`,`updator`) values (1,'用户管理-用户查询-查询','/user/_query','00101','1','2020-03-18','DBA','2020-03-18','DBA');
insert  into `t_func`(`id`,`func_name`,`func_url`,`priv_id`,`status`,`creation_date`,`creator`,`last_update_date`,`updator`) values (2,'用户管理-用户新增-保存','/user/add/save','00102','1','2020-03-18','DBA','2020-03-18','DBA');
insert  into `t_func`(`id`,`func_name`,`func_url`,`priv_id`,`status`,`creation_date`,`creator`,`last_update_date`,`updator`) values (3,'用户管理-用户新增-上传图片','/user/add/uploadImage','00102','1','2020-03-18','DBA','2020-03-18','DBA');
insert  into `t_func`(`id`,`func_name`,`func_url`,`priv_id`,`status`,`creation_date`,`creator`,`last_update_date`,`updator`) values (5,'用户管理-用户变更-查询','/user/_query','00103','1','2020-03-18','DBA','2020-03-18','DBA');
insert  into `t_func`(`id`,`func_name`,`func_url`,`priv_id`,`status`,`creation_date`,`creator`,`last_update_date`,`updator`) values (6,'用户管理-用户变更-变更','/user/edit','00103','1','2020-03-18','DBA','2020-03-18','DBA');
insert  into `t_func`(`id`,`func_name`,`func_url`,`priv_id`,`status`,`creation_date`,`creator`,`last_update_date`,`updator`) values (7,'用户管理-用户变更-变更-保存','/user/edit/save','00103','1','2020-03-18','DBA','2020-03-18','DBA');
insert  into `t_func`(`id`,`func_name`,`func_url`,`priv_id`,`status`,`creation_date`,`creator`,`last_update_date`,`updator`) values (8,'用户管理-用户变更-删除','/user/edit/del','00103','1','2020-03-18','DBA','2020-03-18','DBA');
insert  into `t_func`(`id`,`func_name`,`func_url`,`priv_id`,`status`,`creation_date`,`creator`,`last_update_date`,`updator`) values (9,'用户管理-项目授权-查询','/project/_query','00104','1','2020-03-18','DBA','2020-03-18','DBA');
insert  into `t_func`(`id`,`func_name`,`func_url`,`priv_id`,`status`,`creation_date`,`creator`,`last_update_date`,`updator`) values (10,'用户管理-项目授权-保存','/project/privs/save','00104','1','2020-03-18','DBA','2020-03-18','DBA');
insert  into `t_func`(`id`,`func_name`,`func_url`,`priv_id`,`status`,`creation_date`,`creator`,`last_update_date`,`updator`) values (11,'角色管理-角色查询-查询','/role/_query','00201','1','2020-03-18','DBA','2020-03-18','DBA');
insert  into `t_func`(`id`,`func_name`,`func_url`,`priv_id`,`status`,`creation_date`,`creator`,`last_update_date`,`updator`) values (12,'角色管理-角色新增-保存','/role/add/save','00202','1','2020-03-18','DBA','2020-03-18','DBA');
insert  into `t_func`(`id`,`func_name`,`func_url`,`priv_id`,`status`,`creation_date`,`creator`,`last_update_date`,`updator`) values (13,'角色管理-角色变更-查询','/role/_query','00203','1','2020-03-18','DBA','2020-03-18','DBA');
insert  into `t_func`(`id`,`func_name`,`func_url`,`priv_id`,`status`,`creation_date`,`creator`,`last_update_date`,`updator`) values (14,'角色管理-角色变更-变更','/role/edit','00203','1','2020-03-18','DBA','2020-03-18','DBA');
insert  into `t_func`(`id`,`func_name`,`func_url`,`priv_id`,`status`,`creation_date`,`creator`,`last_update_date`,`updator`) values (15,'角色管理-角色变更-变更-保存','/role/edit/save','00203','1','2020-03-18','DBA','2020-03-18','DBA');
insert  into `t_func`(`id`,`func_name`,`func_url`,`priv_id`,`status`,`creation_date`,`creator`,`last_update_date`,`updator`) values (16,'角色管理-角色变更-变更-删除','/role/edit/del','00203','1','2020-03-18','DBA','2020-03-18','DBA');
insert  into `t_func`(`id`,`func_name`,`func_url`,`priv_id`,`status`,`creation_date`,`creator`,`last_update_date`,`updator`) values (17,'菜单管理-菜单查询-查询','/menu/_query','00301','1','2020-03-18','DBA','2020-03-18','DBA');
insert  into `t_func`(`id`,`func_name`,`func_url`,`priv_id`,`status`,`creation_date`,`creator`,`last_update_date`,`updator`) values (18,'菜单管理-菜单新增-保存','/menu/add/save','00302','1','2020-03-18','DBA','2020-03-18','DBA');
insert  into `t_func`(`id`,`func_name`,`func_url`,`priv_id`,`status`,`creation_date`,`creator`,`last_update_date`,`updator`) values (19,'菜单管理-菜单变更-变更','/menu/edit','00303','1','2020-03-18','DBA','2020-03-18','DBA');
insert  into `t_func`(`id`,`func_name`,`func_url`,`priv_id`,`status`,`creation_date`,`creator`,`last_update_date`,`updator`) values (20,'菜单管理-菜单变更-变更-保存','/menu/edit/save','00303','1','2020-03-18','DBA','2020-03-18','DBA');
insert  into `t_func`(`id`,`func_name`,`func_url`,`priv_id`,`status`,`creation_date`,`creator`,`last_update_date`,`updator`) values (21,'菜单管理-菜单变更-变更-删除','/menu/edit/del','00303','1','2020-03-18','DBA','2020-03-18','DBA');
insert  into `t_func`(`id`,`func_name`,`func_url`,`priv_id`,`status`,`creation_date`,`creator`,`last_update_date`,`updator`) values (22,'数据源管理-数据源查询-查询','/ds/_query','00401','1','2020-03-18','DBA','2020-03-18','DBA');
insert  into `t_func`(`id`,`func_name`,`func_url`,`priv_id`,`status`,`creation_date`,`creator`,`last_update_date`,`updator`) values (23,'数据源管理-数据源新增-保存','/ds/add/save','00402','1','2020-03-18','DBA','2020-03-18','DBA');
insert  into `t_func`(`id`,`func_name`,`func_url`,`priv_id`,`status`,`creation_date`,`creator`,`last_update_date`,`updator`) values (24,'数据源管理-数据源变更-变更','/ds/edit','00403','1','2020-03-18','DBA','2020-03-18','DBA');
insert  into `t_func`(`id`,`func_name`,`func_url`,`priv_id`,`status`,`creation_date`,`creator`,`last_update_date`,`updator`) values (25,'数据源管理-数据源变更-变更-保存','/ds/edit/save','00403','1','2020-03-18','DBA','2020-03-18','DBA');
insert  into `t_func`(`id`,`func_name`,`func_url`,`priv_id`,`status`,`creation_date`,`creator`,`last_update_date`,`updator`) values (26,'数据源管理-数据源变更-变更-删除','/ds/edit/del','00403','1','2020-03-18','DBA','2020-03-18','DBA');
insert  into `t_func`(`id`,`func_name`,`func_url`,`priv_id`,`status`,`creation_date`,`creator`,`last_update_date`,`updator`) values (27,'数据源管理-数据源测试-测试','/ds/check/valid','00404','1','2020-03-18','DBA','2020-03-18','DBA');
insert  into `t_func`(`id`,`func_name`,`func_url`,`priv_id`,`status`,`creation_date`,`creator`,`last_update_date`,`updator`) values (28,'数据源管理-数据源变更-克隆','/ds/clone','00403','1','2020-03-18','DBA','2020-03-18','DBA');
insert  into `t_func`(`id`,`func_name`,`func_url`,`priv_id`,`status`,`creation_date`,`creator`,`last_update_date`,`updator`) values (29,'数据源管理-数据源变更-克隆-保存','/ds/clone/save','00403','1','2020-03-18','DBA','2020-03-18','DBA');
insert  into `t_func`(`id`,`func_name`,`func_url`,`priv_id`,`status`,`creation_date`,`creator`,`last_update_date`,`updator`) values (30,'服务器管理-服务器查询-查询','/server/_query','00501','1','2020-03-18','DBA','2020-03-18','DBA');
insert  into `t_func`(`id`,`func_name`,`func_url`,`priv_id`,`status`,`creation_date`,`creator`,`last_update_date`,`updator`) values (31,'服务器管理-服务器新增-保存','/server/add/save','00502','1','2020-03-18','DBA','2020-03-18','DBA');
insert  into `t_func`(`id`,`func_name`,`func_url`,`priv_id`,`status`,`creation_date`,`creator`,`last_update_date`,`updator`) values (32,'服务器管理-服务器变更-变更','/server/edit','00503','1','2020-03-18','DBA','2020-03-18','DBA');
insert  into `t_func`(`id`,`func_name`,`func_url`,`priv_id`,`status`,`creation_date`,`creator`,`last_update_date`,`updator`) values (33,'服务器管理-服务器变更-变更-保存','/server/edit/save','00503','1','2020-03-18','DBA','2020-03-18','DBA');
insert  into `t_func`(`id`,`func_name`,`func_url`,`priv_id`,`status`,`creation_date`,`creator`,`last_update_date`,`updator`) values (34,'服务器管理-服务器变更-变更-删除','/server/edit/del','00503','1','2020-03-18','DBA','2020-03-18','DBA');
insert  into `t_func`(`id`,`func_name`,`func_url`,`priv_id`,`status`,`creation_date`,`creator`,`last_update_date`,`updator`) values (35,'数据库备份-新建备份-保存','/backup/add/save','00901','1','2020-03-18','DBA','2020-03-18','DBA');
insert  into `t_func`(`id`,`func_name`,`func_url`,`priv_id`,`status`,`creation_date`,`creator`,`last_update_date`,`updator`) values (36,'数据库备份-备份维护-变更','/backup/edit','00902','1','2020-03-18','DBA','2020-03-18','DBA');
insert  into `t_func`(`id`,`func_name`,`func_url`,`priv_id`,`status`,`creation_date`,`creator`,`last_update_date`,`updator`) values (37,'数据库备份-备份维护-变更-保存','/backup/edit/save','00902','1','2020-03-18','DBA','2020-03-18','DBA');
insert  into `t_func`(`id`,`func_name`,`func_url`,`priv_id`,`status`,`creation_date`,`creator`,`last_update_date`,`updator`) values (38,'数据库备份-备份维护-变更-删除','/backup/edit/del','00902','1','2020-03-18','DBA','2020-03-18','DBA');
insert  into `t_func`(`id`,`func_name`,`func_url`,`priv_id`,`status`,`creation_date`,`creator`,`last_update_date`,`updator`) values (39,'数据库备份-备份维护-变更-推送','/backup/edit/push','00902','1','2020-03-18','DBA','2020-03-18','DBA');
insert  into `t_func`(`id`,`func_name`,`func_url`,`priv_id`,`status`,`creation_date`,`creator`,`last_update_date`,`updator`) values (40,'数据库备份-备份维护-变更-启动','/backup/edit/run','00902','1','2020-03-18','DBA','2020-03-18','DBA');
insert  into `t_func`(`id`,`func_name`,`func_url`,`priv_id`,`status`,`creation_date`,`creator`,`last_update_date`,`updator`) values (41,'数据库备份-备份维护-变更-停止','/backup/edit/stop','00902','1','2020-03-18','DBA','2020-03-18','DBA');
insert  into `t_func`(`id`,`func_name`,`func_url`,`priv_id`,`status`,`creation_date`,`creator`,`last_update_date`,`updator`) values (42,'数据库备份-任务查询-查询','/backup/_query','00903','1','2020-03-18','DBA','2020-03-18','DBA');
insert  into `t_func`(`id`,`func_name`,`func_url`,`priv_id`,`status`,`creation_date`,`creator`,`last_update_date`,`updator`) values (43,'数据库备份-日志查询-查询','/backup/log/_query','00904','1','2020-03-18','DBA','2020-03-18','DBA');
insert  into `t_func`(`id`,`func_name`,`func_url`,`priv_id`,`status`,`creation_date`,`creator`,`last_update_date`,`updator`) values (44,'数据库备份-日志查询-查询-详情','/backup/log/_query/detail','00904','1','2020-03-18','DBA','2020-03-18','DBA');
insert  into `t_func`(`id`,`func_name`,`func_url`,`priv_id`,`status`,`creation_date`,`creator`,`last_update_date`,`updator`) values (45,'数据库备份-日志分析-查询','/backup/log/_analyze','00905','1','2020-03-18','DBA','2020-03-18','DBA');
insert  into `t_func`(`id`,`func_name`,`func_url`,`priv_id`,`status`,`creation_date`,`creator`,`last_update_date`,`updator`) values (46,'数据库备份-日志分析-查询-任务列表','/get/backup/task','00905','1','2020-03-18','DBA','2020-03-18','DBA');
insert  into `t_func`(`id`,`func_name`,`func_url`,`priv_id`,`status`,`creation_date`,`creator`,`last_update_date`,`updator`) values (47,'数据库同步-新建同步-保存','/sync/add/save','01101','1','2020-03-18','DBA','2020-03-18','DBA');
insert  into `t_func`(`id`,`func_name`,`func_url`,`priv_id`,`status`,`creation_date`,`creator`,`last_update_date`,`updator`) values (48,'数据库同步-同步维护-变更','/sync/edit','01102','1','2020-03-18','DBA','2020-03-18','DBA');
insert  into `t_func`(`id`,`func_name`,`func_url`,`priv_id`,`status`,`creation_date`,`creator`,`last_update_date`,`updator`) values (49,'数据库同步-同步维护-变更-保存','/sync/edit/save','01102','1','2020-03-18','DBA','2020-03-18','DBA');
insert  into `t_func`(`id`,`func_name`,`func_url`,`priv_id`,`status`,`creation_date`,`creator`,`last_update_date`,`updator`) values (50,'数据库同步-同步维护-删除','/sync/edit/del','01102','1','2020-03-18','DBA','2020-03-18','DBA');
insert  into `t_func`(`id`,`func_name`,`func_url`,`priv_id`,`status`,`creation_date`,`creator`,`last_update_date`,`updator`) values (51,'数据库同步-同步维护-克隆','/sync/clone','01102','1','2020-03-18','DBA','2020-03-18','DBA');
insert  into `t_func`(`id`,`func_name`,`func_url`,`priv_id`,`status`,`creation_date`,`creator`,`last_update_date`,`updator`) values (52,'数据库同步-同步维护-克隆-保存','/sync/clone/save','01102','1','2020-03-18','DBA','2020-03-18','DBA');
insert  into `t_func`(`id`,`func_name`,`func_url`,`priv_id`,`status`,`creation_date`,`creator`,`last_update_date`,`updator`) values (53,'数据库同步-同步维护-推送','/sync/edit/push','01102','1','2020-03-18','DBA','2020-03-18','DBA');
insert  into `t_func`(`id`,`func_name`,`func_url`,`priv_id`,`status`,`creation_date`,`creator`,`last_update_date`,`updator`) values (54,'数据库同步-同步维护-运行','/sync/edit/run','01102','1','2020-03-18','DBA','2020-03-18','DBA');
insert  into `t_func`(`id`,`func_name`,`func_url`,`priv_id`,`status`,`creation_date`,`creator`,`last_update_date`,`updator`) values (55,'数据库同步-同步维护-停止','/sync/edit/stop','01102','1','2020-03-18','DBA','2020-03-18','DBA');
insert  into `t_func`(`id`,`func_name`,`func_url`,`priv_id`,`status`,`creation_date`,`creator`,`last_update_date`,`updator`) values (56,'数据库传输-新建传输-保存','/transfer/add/save','01201','1','2020-03-18','DBA','2020-03-18','DBA');
insert  into `t_func`(`id`,`func_name`,`func_url`,`priv_id`,`status`,`creation_date`,`creator`,`last_update_date`,`updator`) values (57,'数据库传输-传输查询-查询','/transfer/_query','01202','1','2020-03-18','DBA','2020-03-18','DBA');
insert  into `t_func`(`id`,`func_name`,`func_url`,`priv_id`,`status`,`creation_date`,`creator`,`last_update_date`,`updator`) values (58,'数据库传输-传输查询-查询-详情','/transfer/_query/detail','01202','1','2020-03-18','DBA','2020-03-18','DBA');
insert  into `t_func`(`id`,`func_name`,`func_url`,`priv_id`,`status`,`creation_date`,`creator`,`last_update_date`,`updator`) values (59,'数据库传输-传输维护-变更','/transfer/edit','01203','1','2020-03-18','DBA','2020-03-18','DBA');
insert  into `t_func`(`id`,`func_name`,`func_url`,`priv_id`,`status`,`creation_date`,`creator`,`last_update_date`,`updator`) values (60,'数据库传输-传输维护-变更-保存','/transfer/edit/save','01203','1','2020-03-18','DBA','2020-03-18','DBA');
insert  into `t_func`(`id`,`func_name`,`func_url`,`priv_id`,`status`,`creation_date`,`creator`,`last_update_date`,`updator`) values (61,'数据库传输-传输维护-删除','/transfer/edit/del','01203','1','2020-03-18','DBA','2020-03-18','DBA');
insert  into `t_func`(`id`,`func_name`,`func_url`,`priv_id`,`status`,`creation_date`,`creator`,`last_update_date`,`updator`) values (62,'数据库传输-传输维护-推送','/transfer/edit/push','01203','1','2020-03-18','DBA','2020-03-18','DBA');
insert  into `t_func`(`id`,`func_name`,`func_url`,`priv_id`,`status`,`creation_date`,`creator`,`last_update_date`,`updator`) values (63,'数据库传输-传输维护-启动','/transfer/edit/run','01203','1','2020-03-18','DBA','2020-03-18','DBA');
insert  into `t_func`(`id`,`func_name`,`func_url`,`priv_id`,`status`,`creation_date`,`creator`,`last_update_date`,`updator`) values (64,'数据库传输-传输维护-停止','/transfer/edit/stop','01203','1','2020-03-18','DBA','2020-03-18','DBA');
insert  into `t_func`(`id`,`func_name`,`func_url`,`priv_id`,`status`,`creation_date`,`creator`,`last_update_date`,`updator`) values (65,'数据库传输-传输维护-克隆','/transfer/clone','01203','1','2020-03-18','DBA','2020-03-18','DBA');
insert  into `t_func`(`id`,`func_name`,`func_url`,`priv_id`,`status`,`creation_date`,`creator`,`last_update_date`,`updator`) values (66,'数据库传输-传输维护-克隆-保存','/transfer/clone/save','01203','1','2020-03-18','DBA','2020-03-18','DBA');
insert  into `t_func`(`id`,`func_name`,`func_url`,`priv_id`,`status`,`creation_date`,`creator`,`last_update_date`,`updator`) values (67,'数据库归档-新建归档-保存','/archive/add/save','01301','1','2020-03-18','DBA','2020-03-18','DBA');
insert  into `t_func`(`id`,`func_name`,`func_url`,`priv_id`,`status`,`creation_date`,`creator`,`last_update_date`,`updator`) values (68,'数据库归档-新建归档-获取数据库类型','/ds/get/db/type','01301','1','2020-03-18','DBA','2020-03-18','DBA');
insert  into `t_func`(`id`,`func_name`,`func_url`,`priv_id`,`status`,`creation_date`,`creator`,`last_update_date`,`updator`) values (69,'大数据同步-新增同步-保存','/bigdata/add/save','01501','1','2020-03-18','DBA','2020-03-18','DBA');
insert  into `t_func`(`id`,`func_name`,`func_url`,`priv_id`,`status`,`creation_date`,`creator`,`last_update_date`,`updator`) values (70,'大数据同步-任务查询-查询','/bigdata/_query','01502','1','2020-03-18','DBA','2020-03-18','DBA');
insert  into `t_func`(`id`,`func_name`,`func_url`,`priv_id`,`status`,`creation_date`,`creator`,`last_update_date`,`updator`) values (71,'大数据同步-任务查询-详情','/bigdata/_query/detail','01502','1','2020-03-18','DBA','2020-03-18','DBA');
insert  into `t_func`(`id`,`func_name`,`func_url`,`priv_id`,`status`,`creation_date`,`creator`,`last_update_date`,`updator`) values (72,'大数据同步-任务查询-预览','/bigdata/_query/dataxTemplete','01502','1','2020-03-18','DBA','2020-03-18','DBA');
insert  into `t_func`(`id`,`func_name`,`func_url`,`priv_id`,`status`,`creation_date`,`creator`,`last_update_date`,`updator`) values (73,'大数据同步-任务查询-下载','/bigdata/_query/dataxTemplete/downloads','01502','1','2020-03-18','DBA','2020-03-18','DBA');
insert  into `t_func`(`id`,`func_name`,`func_url`,`priv_id`,`status`,`creation_date`,`creator`,`last_update_date`,`updator`) values (74,'大数据同步-同步维护-变更','/bigdata/edit','01503','1','2020-03-18','DBA','2020-03-18','DBA');
insert  into `t_func`(`id`,`func_name`,`func_url`,`priv_id`,`status`,`creation_date`,`creator`,`last_update_date`,`updator`) values (75,'大数据同步-同步维护-变更-保存','/bigdata/edit/save','01503','1','2020-03-18','DBA','2020-03-18','DBA');
insert  into `t_func`(`id`,`func_name`,`func_url`,`priv_id`,`status`,`creation_date`,`creator`,`last_update_date`,`updator`) values (76,'大数据同步-同步维护-变更-删除','/bigdata/edit/del','01503','1','2020-03-18','DBA','2020-03-18','DBA');
insert  into `t_func`(`id`,`func_name`,`func_url`,`priv_id`,`status`,`creation_date`,`creator`,`last_update_date`,`updator`) values (77,'大数据同步-同步维护-克隆','/bigdata/clone','01503','1','2020-03-18','DBA','2020-03-18','DBA');
insert  into `t_func`(`id`,`func_name`,`func_url`,`priv_id`,`status`,`creation_date`,`creator`,`last_update_date`,`updator`) values (78,'大数据同步-同步维护-克隆-保存','/bigdata/clone/save','01503','1','2020-03-18','DBA','2020-03-18','DBA');
insert  into `t_func`(`id`,`func_name`,`func_url`,`priv_id`,`status`,`creation_date`,`creator`,`last_update_date`,`updator`) values (79,'大数据同步-同步维护-推送','/bigdata/edit/push','01503','1','2020-03-18','DBA','2020-03-18','DBA');
insert  into `t_func`(`id`,`func_name`,`func_url`,`priv_id`,`status`,`creation_date`,`creator`,`last_update_date`,`updator`) values (80,'大数据同步-同步维护-推送全部','/bigdata/edit/pushall','01503','1','2020-03-18','DBA','2020-03-18','DBA');
insert  into `t_func`(`id`,`func_name`,`func_url`,`priv_id`,`status`,`creation_date`,`creator`,`last_update_date`,`updator`) values (81,'大数据同步-同步维护-停止','/bigdata/edit/stop','01503','1','2020-03-18','DBA','2020-03-18','DBA');
insert  into `t_func`(`id`,`func_name`,`func_url`,`priv_id`,`status`,`creation_date`,`creator`,`last_update_date`,`updator`) values (82,'大数据同步-同步维护-运行','/bigdata/edit/run','01503','1','2020-03-18','DBA','2020-03-18','DBA');
insert  into `t_func`(`id`,`func_name`,`func_url`,`priv_id`,`status`,`creation_date`,`creator`,`last_update_date`,`updator`) values (83,'工单管理-我的工单-SQL工单查询','/order/_query','01701','1','2020-03-18','DBA','2020-03-18','DBA');
insert  into `t_func`(`id`,`func_name`,`func_url`,`priv_id`,`status`,`creation_date`,`creator`,`last_update_date`,`updator`) values (84,'工单管理-我的工单-问题单查询','/wtd/_query','01701','1','2020-03-18','DBA','2020-03-18','DBA');
insert  into `t_func`(`id`,`func_name`,`func_url`,`priv_id`,`status`,`creation_date`,`creator`,`last_update_date`,`updator`) values (85,'工单管理-我的工单-问题单查询-详情','/wtd/detail','01701','1','2020-03-18','DBA','2020-03-18','DBA');
insert  into `t_func`(`id`,`func_name`,`func_url`,`priv_id`,`status`,`creation_date`,`creator`,`last_update_date`,`updator`) values (86,'工单管理-我的工单-问题单查询-详情','/wtd/detail','01701','1','2020-03-18','DBA','2020-03-18','DBA');
insert  into `t_func`(`id`,`func_name`,`func_url`,`priv_id`,`status`,`creation_date`,`creator`,`last_update_date`,`updator`) values (87,'工单管理-我的工单-新增','/get/order/no,/wtd/save,/get_order_env,/get_order_type,/get_order_status,/get_order_handler','01701','1','2020-03-18','DBA','2020-03-18','DBA');
insert  into `t_func`(`id`,`func_name`,`func_url`,`priv_id`,`status`,`creation_date`,`creator`,`last_update_date`,`updator`) values (88,'工单管理-我的工单-新增-上传附件','/wtd/save/uploadImage','01701','1','2020-03-18','DBA','2020-03-18','DBA');
insert  into `t_func`(`id`,`func_name`,`func_url`,`priv_id`,`status`,`creation_date`,`creator`,`last_update_date`,`updator`) values (89,'工单管理-我的工单-发布','/wtd/release','01701','1','2020-03-18','DBA','2020-03-18','DBA');
insert  into `t_func`(`id`,`func_name`,`func_url`,`priv_id`,`status`,`creation_date`,`creator`,`last_update_date`,`updator`) values (91,'工单管理-我的工单-变更-保存','/get/order/no,/wtd/update,/get_order_status,/get_order_handler','01701','1','2020-03-18','DBA','2020-03-18','DBA');
insert  into `t_func`(`id`,`func_name`,`func_url`,`priv_id`,`status`,`creation_date`,`creator`,`last_update_date`,`updator`) values (92,'工单管理-我的工单-删除','/wtd/delete','01701','1','2020-03-18','DBA','2020-03-18','DBA');
insert  into `t_func`(`id`,`func_name`,`func_url`,`priv_id`,`status`,`creation_date`,`creator`,`last_update_date`,`updator`) values (93,'工单管理-我的工单-查看附件','/wtd/attachment','01701','1','2020-03-18','DBA','2020-03-18','DBA');
insert  into `t_func`(`id`,`func_name`,`func_url`,`priv_id`,`status`,`creation_date`,`creator`,`last_update_date`,`updator`) values (94,'工单管理-我的工单-获取附件数量','/wtd/attachment/number','01701','1','2020-03-18','DBA','2020-03-18','DBA');
insert  into `t_func`(`id`,`func_name`,`func_url`,`priv_id`,`status`,`creation_date`,`creator`,`last_update_date`,`updator`) values (95,'工单管理-SQL查询-查询','/sql/_query,/get_tree','01702','1','2020-03-18','DBA','2020-03-18','DBA');
insert  into `t_func`(`id`,`func_name`,`func_url`,`priv_id`,`status`,`creation_date`,`creator`,`last_update_date`,`updator`) values (96,'工单管理-SQL发布-发布','/sql/_release,/get_tree','01703','1','2020-03-18','DBA','2020-03-18','DBA');
insert  into `t_func`(`id`,`func_name`,`func_url`,`priv_id`,`status`,`creation_date`,`creator`,`last_update_date`,`updator`) values (97,'工单管理-SQL发布-检测','/sql/_check,/sql/_check/result','01703','1','2020-03-18','DBA','2020-03-18','DBA');
insert  into `t_func`(`id`,`func_name`,`func_url`,`priv_id`,`status`,`creation_date`,`creator`,`last_update_date`,`updator`) values (98,'工单管理-SQL发布-SQL格式化','/sql/_format','01703','1','2020-03-18','DBA','2020-03-18','DBA');
insert  into `t_func`(`id`,`func_name`,`func_url`,`priv_id`,`status`,`creation_date`,`creator`,`last_update_date`,`updator`) values (99,'工单管理-SQL查询-SQL格式化','/sql/_format','01702','1','2020-03-18','DBA','2020-03-18','DBA');
insert  into `t_func`(`id`,`func_name`,`func_url`,`priv_id`,`status`,`creation_date`,`creator`,`last_update_date`,`updator`) values (100,'工单管理-SQL审核-查询','/sql/audit/query','01704','1','2020-03-18','DBA','2020-03-18','DBA');
insert  into `t_func`(`id`,`func_name`,`func_url`,`priv_id`,`status`,`creation_date`,`creator`,`last_update_date`,`updator`) values (101,'工单管理-SQL审核-SQL格式化','/sql/_format','01704','1','2020-03-18','DBA','2020-03-18','DBA');
insert  into `t_func`(`id`,`func_name`,`func_url`,`priv_id`,`status`,`creation_date`,`creator`,`last_update_date`,`updator`) values (102,'工单管理-SQL审核-查询-详情','/sql/audit/detail','01704','1','2020-03-18','DBA','2020-03-18','DBA');
insert  into `t_func`(`id`,`func_name`,`func_url`,`priv_id`,`status`,`creation_date`,`creator`,`last_update_date`,`updator`) values (103,'工单管理-SQL审核-审核','/sql/_audit','01704','1','2020-03-18','DBA','2020-03-18','DBA');
insert  into `t_func`(`id`,`func_name`,`func_url`,`priv_id`,`status`,`creation_date`,`creator`,`last_update_date`,`updator`) values (104,'工单管理-SQL执行-查询','/sql/run/query','01705','1','2020-03-18','DBA','2020-03-18','DBA');
insert  into `t_func`(`id`,`func_name`,`func_url`,`priv_id`,`status`,`creation_date`,`creator`,`last_update_date`,`updator`) values (105,'工单管理-SQL执行-格式化','/sql/_format','01705','1','2020-03-18','DBA','2020-03-18','DBA');
insert  into `t_func`(`id`,`func_name`,`func_url`,`priv_id`,`status`,`creation_date`,`creator`,`last_update_date`,`updator`) values (106,'工单管理-SQL执行-运行','/sql/_run','01705','1','2020-03-18','DBA','2020-03-18','DBA');
insert  into `t_func`(`id`,`func_name`,`func_url`,`priv_id`,`status`,`creation_date`,`creator`,`last_update_date`,`updator`) values (107,'工单管理-SQL执行-查询-详情','/sql/audit/detail','01705','1','2020-03-18','DBA','2020-03-18','DBA');
insert  into `t_func`(`id`,`func_name`,`func_url`,`priv_id`,`status`,`creation_date`,`creator`,`last_update_date`,`updator`) values (108,'端口管理-新增-保存','/port/add/save','01901','1','2020-03-18','DBA','2020-03-18','DBA');
insert  into `t_func`(`id`,`func_name`,`func_url`,`priv_id`,`status`,`creation_date`,`creator`,`last_update_date`,`updator`) values (109,'端口管理-查询-查询','/port/_query','01901','1','2020-03-18','DBA','2020-03-18','DBA');
insert  into `t_func`(`id`,`func_name`,`func_url`,`priv_id`,`status`,`creation_date`,`creator`,`last_update_date`,`updator`) values (110,'端口管理-变更','/port/edit','01903','1','2020-03-18','DBA','2020-03-18','DBA');
insert  into `t_func`(`id`,`func_name`,`func_url`,`priv_id`,`status`,`creation_date`,`creator`,`last_update_date`,`updator`) values (111,'端口管理-变更-保存','/port/edit/save','01903','1','2020-03-18','DBA','2020-03-18','DBA');
insert  into `t_func`(`id`,`func_name`,`func_url`,`priv_id`,`status`,`creation_date`,`creator`,`last_update_date`,`updator`) values (112,'端口管理-变更-删除','/port/edit/del','01903','1','2020-03-18','DBA','2020-03-18','DBA');
insert  into `t_func`(`id`,`func_name`,`func_url`,`priv_id`,`status`,`creation_date`,`creator`,`last_update_date`,`updator`) values (113,'端口管理-变更-导入','/port/edit/imp','01903','1','2020-03-18','DBA','2020-03-18','DBA');
insert  into `t_func`(`id`,`func_name`,`func_url`,`priv_id`,`status`,`creation_date`,`creator`,`last_update_date`,`updator`) values (114,'端口管理-变更-导出','/port/edit/exp','01903','1','2020-03-18','DBA','2020-03-18','DBA');
insert  into `t_func`(`id`,`func_name`,`func_url`,`priv_id`,`status`,`creation_date`,`creator`,`last_update_date`,`updator`) values (115,'功能管理-查询','/func/_query','02001','1','2020-03-18','DBA','2020-03-18','DBA');
insert  into `t_func`(`id`,`func_name`,`func_url`,`priv_id`,`status`,`creation_date`,`creator`,`last_update_date`,`updator`) values (116,'功能管理-新增-保存','/func/add,/func/add/save','02001','1','2020-03-18','DBA','2020-03-18','DBA');
insert  into `t_func`(`id`,`func_name`,`func_url`,`priv_id`,`status`,`creation_date`,`creator`,`last_update_date`,`updator`) values (117,'功能管理-维护-变更','/func/change,/func/edit','02001','1','2020-03-18','DBA','2020-03-18','DBA');
insert  into `t_func`(`id`,`func_name`,`func_url`,`priv_id`,`status`,`creation_date`,`creator`,`last_update_date`,`updator`) values (118,'功能管理-维护-变更-保存','/func/edit/save','02001','1','2020-03-18','DBA','2020-03-18','DBA');
insert  into `t_func`(`id`,`func_name`,`func_url`,`priv_id`,`status`,`creation_date`,`creator`,`last_update_date`,`updator`) values (119,'功能管理-维护-变更-删除','/func/edit/del','02001','1','2020-03-18','DBA','2020-03-18','DBA');
insert  into `t_func`(`id`,`func_name`,`func_url`,`priv_id`,`status`,`creation_date`,`creator`,`last_update_date`,`updator`) values (120,'系统管理-系统设置','/sys/setting','06101','1','2020-03-18','DBA','2020-03-18','DBA');
insert  into `t_func`(`id`,`func_name`,`func_url`,`priv_id`,`status`,`creation_date`,`creator`,`last_update_date`,`updator`) values (121,'系统管理-代码管理','/sys/code/_query,/sys/code/type/_query,/sys/code/detail/_query,/sys/code/type/add/save,/sys/code/type/upd/save,/sys/code/type/del,/sys/code/detail/add/save,/sys/code/detail/upd/save,/sys/code/detail/del','06102','1','2020-03-18','DBA','2020-05-14','DBA');
insert  into `t_func`(`id`,`func_name`,`func_url`,`priv_id`,`status`,`creation_date`,`creator`,`last_update_date`,`updator`) values (122,'系统管理-审核规则-查询','/sys/query_rule','06103','1','2020-03-18','DBA','2020-03-18','DBA');
insert  into `t_func`(`id`,`func_name`,`func_url`,`priv_id`,`status`,`creation_date`,`creator`,`last_update_date`,`updator`) values (123,'系统管理-审核规则-保存','/sys/audit_rule/save','06103','1','2020-03-18','DBA','2020-03-18','DBA');
insert  into `t_func`(`id`,`func_name`,`func_url`,`priv_id`,`status`,`creation_date`,`creator`,`last_update_date`,`updator`) values (125,'数据库归档-归档查询-查询','/archive/_query','01302','1','2020-03-18','DBA','2020-03-18','DBA');
insert  into `t_func`(`id`,`func_name`,`func_url`,`priv_id`,`status`,`creation_date`,`creator`,`last_update_date`,`updator`) values (126,'数据库归档-归档维护-变更','/archive/edit','01303','1','2020-03-18','DBA','2020-03-18','DBA');
insert  into `t_func`(`id`,`func_name`,`func_url`,`priv_id`,`status`,`creation_date`,`creator`,`last_update_date`,`updator`) values (127,'数据库归档-归档维护-变更-保存','/archive/edit/save','01303','1','2020-03-18','DBA','2020-03-18','DBA');
insert  into `t_func`(`id`,`func_name`,`func_url`,`priv_id`,`status`,`creation_date`,`creator`,`last_update_date`,`updator`) values (128,'数据库归档-归档维护-删除','/archive/edit/del','01303','1','2020-03-18','DBA','2020-03-18','DBA');
insert  into `t_func`(`id`,`func_name`,`func_url`,`priv_id`,`status`,`creation_date`,`creator`,`last_update_date`,`updator`) values (129,'数据库归档-归档维护-推送','/archive/edit/push','01303','1','2020-03-18','DBA','2020-03-18','DBA');
insert  into `t_func`(`id`,`func_name`,`func_url`,`priv_id`,`status`,`creation_date`,`creator`,`last_update_date`,`updator`) values (130,'数据库归档-归档维护-运行','/archive/edit/run','01303','1','2020-03-18','DBA','2020-03-18','DBA');
insert  into `t_func`(`id`,`func_name`,`func_url`,`priv_id`,`status`,`creation_date`,`creator`,`last_update_date`,`updator`) values (131,'数据库归档-归档维护-停止','/archive/edit/stop','01303','1','2020-03-18','DBA','2020-03-18','DBA');
insert  into `t_func`(`id`,`func_name`,`func_url`,`priv_id`,`status`,`creation_date`,`creator`,`last_update_date`,`updator`) values (132,'数据库归档-归档维护-克隆','/archive/clone','01303','1','2020-03-18','DBA','2020-03-18','DBA');
insert  into `t_func`(`id`,`func_name`,`func_url`,`priv_id`,`status`,`creation_date`,`creator`,`last_update_date`,`updator`) values (133,'数据库归档-归档维护-克隆-保存','/archive/clone/save','01303','1','2020-03-18','DBA','2020-03-18','DBA');
insert  into `t_func`(`id`,`func_name`,`func_url`,`priv_id`,`status`,`creation_date`,`creator`,`last_update_date`,`updator`) values (134,'数据库归档-日志查询-查询','/archive/log/_query','01304','1','2020-03-18','DBA','2020-03-18','DBA');
insert  into `t_func`(`id`,`func_name`,`func_url`,`priv_id`,`status`,`creation_date`,`creator`,`last_update_date`,`updator`) values (135,'数据库归档-归档查询-查询-详情','/archive/_query/detail','01302','1','2020-03-18','DBA','2020-03-18','DBA');
insert  into `t_func`(`id`,`func_name`,`func_url`,`priv_id`,`status`,`creation_date`,`creator`,`last_update_date`,`updator`) values (136,'数据库同步-日志查询-查询','/sync/log/_query','01104','1','2020-03-18','DBA','2020-03-18','DBA');
insert  into `t_func`(`id`,`func_name`,`func_url`,`priv_id`,`status`,`creation_date`,`creator`,`last_update_date`,`updator`) values (138,'数据库同步-任务查询-查询','/sync/_query','01103','1','2020-03-18','DBA','2020-03-18','DBA');
insert  into `t_func`(`id`,`func_name`,`func_url`,`priv_id`,`status`,`creation_date`,`creator`,`last_update_date`,`updator`) values (139,'数据库同步-任务分析-查询','/sync/log/_analyze','01105','1','2020-03-23','DBA','2020-03-23','DBA');
insert  into `t_func`(`id`,`func_name`,`func_url`,`priv_id`,`status`,`creation_date`,`creator`,`last_update_date`,`updator`) values (140,'数据库同步-日志分析-查询-任务列表','/get/sync/task','01105','1','2020-03-23','DBA','2020-03-23','DBA');
insert  into `t_func`(`id`,`func_name`,`func_url`,`priv_id`,`status`,`creation_date`,`creator`,`last_update_date`,`updator`) values (141,'数据库同步-日志查询-查询-详情','/sync/log/_query/detail','01105','1','2020-03-23','DBA','2020-03-23','DBA');
insert  into `t_func`(`id`,`func_name`,`func_url`,`priv_id`,`status`,`creation_date`,`creator`,`last_update_date`,`updator`) values (142,'数据库传输-日志查询-查询','/transfer/log/_query','01204','1','2020-03-23','DBA','2020-03-23','DBA');
insert  into `t_func`(`id`,`func_name`,`func_url`,`priv_id`,`status`,`creation_date`,`creator`,`last_update_date`,`updator`) values (143,'数据库监控-指标管理-新增-保存','/monitor/index/add/save','00701','1','2020-03-31','DBA','2020-03-31','DBA');
insert  into `t_func`(`id`,`func_name`,`func_url`,`priv_id`,`status`,`creation_date`,`creator`,`last_update_date`,`updator`) values (144,'数据库监控-指标管理-变更-保存','/monitor/index/edit/save','00701','1','2020-03-31','DBA','2020-03-31','DBA');
insert  into `t_func`(`id`,`func_name`,`func_url`,`priv_id`,`status`,`creation_date`,`creator`,`last_update_date`,`updator`) values (145,'数据库监控-指标管理-删除','/monitor/index/edit/del','00701','1','2020-03-31','DBA','2020-03-31','DBA');
insert  into `t_func`(`id`,`func_name`,`func_url`,`priv_id`,`status`,`creation_date`,`creator`,`last_update_date`,`updator`) values (146,'数据库监控-指标管理-查询','/monitor/index/query,/monitor/index/_query','00701','1','2020-03-31','DBA','2020-03-31','DBA');
insert  into `t_func`(`id`,`func_name`,`func_url`,`priv_id`,`status`,`creation_date`,`creator`,`last_update_date`,`updator`) values (147,'数据库监控-模板管理-新增-保存','/monitor/templete/add/save','00702','1','2020-04-01','DBA','2020-04-01','DBA');
insert  into `t_func`(`id`,`func_name`,`func_url`,`priv_id`,`status`,`creation_date`,`creator`,`last_update_date`,`updator`) values (148,'数据库监控-模板管理-变更-保存','/monitor/templete/edit/save','00702','1','2020-04-01','DBA','2020-04-01','DBA');
insert  into `t_func`(`id`,`func_name`,`func_url`,`priv_id`,`status`,`creation_date`,`creator`,`last_update_date`,`updator`) values (149,'数据库监控-模板管理-删除','/monitor/templete/edit/del','00702','1','2020-04-01','DBA','2020-04-01','DBA');
insert  into `t_func`(`id`,`func_name`,`func_url`,`priv_id`,`status`,`creation_date`,`creator`,`last_update_date`,`updator`) values (150,'数据库监控-模板管理-查询','/monitor/templete/query,/monitor/templete/_query','00702','1','2020-04-01','DBA','2020-04-01','DBA');
insert  into `t_func`(`id`,`func_name`,`func_url`,`priv_id`,`status`,`creation_date`,`creator`,`last_update_date`,`updator`) values (151,'数据库监控-任务管理-查询','/monitor/task/query,/monitor/task/_query','00702','1','2020-04-01','DBA','2020-04-01','DBA');
insert  into `t_func`(`id`,`func_name`,`func_url`,`priv_id`,`status`,`creation_date`,`creator`,`last_update_date`,`updator`) values (152,'数据库监控-新增任务-采集-保存','/monitor/task/add/save/gather,/get/monitor/templete/type','00702','1','2020-04-01','DBA','2020-04-19','DBA');
insert  into `t_func`(`id`,`func_name`,`func_url`,`priv_id`,`status`,`creation_date`,`creator`,`last_update_date`,`updator`) values (153,'数据库监控-任务管理-推送','/monitor/task/push','00703','1','2020-04-07','DBA','2020-04-07','DBA');
insert  into `t_func`(`id`,`func_name`,`func_url`,`priv_id`,`status`,`creation_date`,`creator`,`last_update_date`,`updator`) values (154,'数据库监控-任务管理-运行','/monitor/task/run','00703','1','2020-04-07','DBA','2020-04-07','DBA');
insert  into `t_func`(`id`,`func_name`,`func_url`,`priv_id`,`status`,`creation_date`,`creator`,`last_update_date`,`updator`) values (155,'数据库监控-任务管理-停止','/monitor/task/stop','00703','1','2020-04-07','DBA','2020-04-07','DBA');
insert  into `t_func`(`id`,`func_name`,`func_url`,`priv_id`,`status`,`creation_date`,`creator`,`last_update_date`,`updator`) values (156,'数据库监控-监控图表-查询','/monitor/graph/query,/monitor/graph/_query,/get/monitor/db','00704','1','2020-04-09','DBA','2020-04-20','DBA');
insert  into `t_func`(`id`,`func_name`,`func_url`,`priv_id`,`status`,`creation_date`,`creator`,`last_update_date`,`updator`) values (157,'大数据同步-日志分析-查询','/bigdata/log/analyze','01504','1','2020-04-12','DBA','2020-04-12','DBA');
insert  into `t_func`(`id`,`func_name`,`func_url`,`priv_id`,`status`,`creation_date`,`creator`,`last_update_date`,`updator`) values (158,'大数据同步-日志分析-分析','/bigdata/log/_analyze','01504','1','2020-04-12','DBA','2020-04-12','DBA');
insert  into `t_func`(`id`,`func_name`,`func_url`,`priv_id`,`status`,`creation_date`,`creator`,`last_update_date`,`updator`) values (159,'大数据同步-日志分析-任务列表','/get/bigdata/sync/task','01504','1','2020-04-12','DBA','2020-04-12','DBA');
insert  into `t_func`(`id`,`func_name`,`func_url`,`priv_id`,`status`,`creation_date`,`creator`,`last_update_date`,`updator`) values (160,'数据库监控-新增任务-监控-保存','/monitor/task/add/save/monitor','00703','1','2020-04-18','DBA','2020-04-18','DBA');
insert  into `t_func`(`id`,`func_name`,`func_url`,`priv_id`,`status`,`creation_date`,`creator`,`last_update_date`,`updator`) values (161,'数据库监控-任务管理-删除','/monitor/task/edit/del','00703','1','2020-04-21','DBA','2020-04-21','DBA');
insert  into `t_func`(`id`,`func_name`,`func_url`,`priv_id`,`status`,`creation_date`,`creator`,`last_update_date`,`updator`) values (162,'数据库监控-任务管理-更新-采集','/monitor/task/edit/save/gather','00703','1','2020-04-22','DBA','2020-04-22','DBA');
insert  into `t_func`(`id`,`func_name`,`func_url`,`priv_id`,`status`,`creation_date`,`creator`,`last_update_date`,`updator`) values (163,'数据库监控-任务管理-更新-监控','/monitor/task/edit/save/monitor','00703','1','2020-04-22','DBA','2020-04-22','DBA');
insert  into `t_func`(`id`,`func_name`,`func_url`,`priv_id`,`status`,`creation_date`,`creator`,`last_update_date`,`updator`) values (164,'数据库监控-监控大屏-查看','/monitor/index/threshold,/monitor/view,/monitor/view/sys,/monitor/view/svr','00705','1','2020-04-30','DBA','2020-04-30','DBA');
insert  into `t_func`(`id`,`func_name`,`func_url`,`priv_id`,`status`,`creation_date`,`creator`,`last_update_date`,`updator`) values (165,'数据库管理-实例管理','/db/inst/_query,/db/inst/save,/db/inst/query/id,/db/inst/update','00601','1','2020-05-09','DBA','2020-05-28','DBA');
insert  into `t_func`(`id`,`func_name`,`func_url`,`priv_id`,`status`,`creation_date`,`creator`,`last_update_date`,`updator`) values (166,'数据库管理-账号管理','/db/user/_query,/db/user/save','00602','1','2020-05-09','DBA','2020-05-09','DBA');
insert  into `t_func`(`id`,`func_name`,`func_url`,`priv_id`,`status`,`creation_date`,`creator`,`last_update_date`,`updator`) values (167,'系统管理-主页面','/','06101','1','2020-05-15','DBA','2020-05-15','DBA');

/*Data for the table `t_monitor_index` */

insert  into `t_monitor_index`(`id`,`index_name`,`index_code`,`index_type`,`index_db_type`,`index_threshold_type`,`index_threshold`,`index_threshold_day`,`index_threshold_times`,`status`,`trigger_time`,`trigger_times`) values (1,'cpu使用率','cpu_total_usage','1','','1','0.85','','','1',10,3);
insert  into `t_monitor_index`(`id`,`index_name`,`index_code`,`index_type`,`index_db_type`,`index_threshold_type`,`index_threshold`,`index_threshold_day`,`index_threshold_times`,`status`,`trigger_time`,`trigger_times`) values (2,'内存使用率','mem_usage','1','','1','0.85','','','1',10,2);
insert  into `t_monitor_index`(`id`,`index_name`,`index_code`,`index_type`,`index_db_type`,`index_threshold_type`,`index_threshold`,`index_threshold_day`,`index_threshold_times`,`status`,`trigger_time`,`trigger_times`) values (5,'mysql连接数','mysql_total_connect','2','0','1','300','','','1',10,3);
insert  into `t_monitor_index`(`id`,`index_name`,`index_code`,`index_type`,`index_db_type`,`index_threshold_type`,`index_threshold`,`index_threshold_day`,`index_threshold_times`,`status`,`trigger_time`,`trigger_times`) values (26,'磁盘使用率','disk_usage','1','','1','0.8','','','1',10,1);
insert  into `t_monitor_index`(`id`,`index_name`,`index_code`,`index_type`,`index_db_type`,`index_threshold_type`,`index_threshold`,`index_threshold_day`,`index_threshold_times`,`status`,`trigger_time`,`trigger_times`) values (28,'磁盘读','disk_read','1','','2','','7','3','1',10,3);
insert  into `t_monitor_index`(`id`,`index_name`,`index_code`,`index_type`,`index_db_type`,`index_threshold_type`,`index_threshold`,`index_threshold_day`,`index_threshold_times`,`status`,`trigger_time`,`trigger_times`) values (29,'磁盘写','disk_write','1','','2','','7','3','1',10,3);
insert  into `t_monitor_index`(`id`,`index_name`,`index_code`,`index_type`,`index_db_type`,`index_threshold_type`,`index_threshold`,`index_threshold_day`,`index_threshold_times`,`status`,`trigger_time`,`trigger_times`) values (31,'网络流出','net_out','1','','2','','7','3','1',9,3);
insert  into `t_monitor_index`(`id`,`index_name`,`index_code`,`index_type`,`index_db_type`,`index_threshold_type`,`index_threshold`,`index_threshold_day`,`index_threshold_times`,`status`,`trigger_time`,`trigger_times`) values (32,'网络流入','net_in','1','','2','','7','3','1',10,3);
insert  into `t_monitor_index`(`id`,`index_name`,`index_code`,`index_type`,`index_db_type`,`index_threshold_type`,`index_threshold`,`index_threshold_day`,`index_threshold_times`,`status`,`trigger_time`,`trigger_times`) values (33,'mysql服务是否可用','mysql_available','2','0','3','0','','','1',5,1);
insert  into `t_monitor_index`(`id`,`index_name`,`index_code`,`index_type`,`index_db_type`,`index_threshold_type`,`index_threshold`,`index_threshold_day`,`index_threshold_times`,`status`,`trigger_time`,`trigger_times`) values (34,'mysql活动连接数','mysql_active_connect','2','0','3','100','','','1',9,3);
insert  into `t_monitor_index`(`id`,`index_name`,`index_code`,`index_type`,`index_db_type`,`index_threshold_type`,`index_threshold`,`index_threshold_day`,`index_threshold_times`,`status`,`trigger_time`,`trigger_times`) values (37,'mssql服务是否可用','mssql_available','2','2','3','0','','','1',5,3);
insert  into `t_monitor_index`(`id`,`index_name`,`index_code`,`index_type`,`index_db_type`,`index_threshold_type`,`index_threshold`,`index_threshold_day`,`index_threshold_times`,`status`,`trigger_time`,`trigger_times`) values (38,'CPU使用率[核]','cpu_core_usage','1','','1','0.86','','','1',10,3);
insert  into `t_monitor_index`(`id`,`index_name`,`index_code`,`index_type`,`index_db_type`,`index_threshold_type`,`index_threshold`,`index_threshold_day`,`index_threshold_times`,`status`,`trigger_time`,`trigger_times`) values (39,'mssql连接数','mssql_total_connect','2','2','3','300','','','1',10,3);
insert  into `t_monitor_index`(`id`,`index_name`,`index_code`,`index_type`,`index_db_type`,`index_threshold_type`,`index_threshold`,`index_threshold_day`,`index_threshold_times`,`status`,`trigger_time`,`trigger_times`) values (40,'mssql活动连接数','mssql_active_connect','2','2','3','30','','','1',10,3);
insert  into `t_monitor_index`(`id`,`index_name`,`index_code`,`index_type`,`index_db_type`,`index_threshold_type`,`index_threshold`,`index_threshold_day`,`index_threshold_times`,`status`,`trigger_time`,`trigger_times`) values (41,'redis服务是否可用','redis_available','2','5','3','0','','','1',5,1);
insert  into `t_monitor_index`(`id`,`index_name`,`index_code`,`index_type`,`index_db_type`,`index_threshold_type`,`index_threshold`,`index_threshold_day`,`index_threshold_times`,`status`,`trigger_time`,`trigger_times`) values (42,'mongo服务是否可用','mongo_available','2','6','3','0','','','1',5,1);
insert  into `t_monitor_index`(`id`,`index_name`,`index_code`,`index_type`,`index_db_type`,`index_threshold_type`,`index_threshold`,`index_threshold_day`,`index_threshold_times`,`status`,`trigger_time`,`trigger_times`) values (43,'es服务是否可用','es_available','2','4','3','0','','','1',5,1);
insert  into `t_monitor_index`(`id`,`index_name`,`index_code`,`index_type`,`index_db_type`,`index_threshold_type`,`index_threshold`,`index_threshold_day`,`index_threshold_times`,`status`,`trigger_time`,`trigger_times`) values (46,'服务器可用性','server_available','1','','3','0','','','0',3,1);


/*Data for the table `t_monitor_templete` */

insert  into `t_monitor_templete`(`id`,`name`,`code`,`type`,`status`,`creation_date`,`creator`,`last_update_date`,`updator`) values (1,'linux主机模板','linux_templete','1','1','2020-04-02','DBA','2020-04-20','DBA');
insert  into `t_monitor_templete`(`id`,`name`,`code`,`type`,`status`,`creation_date`,`creator`,`last_update_date`,`updator`) values (2,'mysql数据库模板','mysql_templete','2','1','2020-04-02','DBA','2020-04-08','DBA');
insert  into `t_monitor_templete`(`id`,`name`,`code`,`type`,`status`,`creation_date`,`creator`,`last_update_date`,`updator`) values (3,'sqlserver数据库模板','mssql_templete','2','1','2020-04-19','DBA','2020-04-19','DBA');
insert  into `t_monitor_templete`(`id`,`name`,`code`,`type`,`status`,`creation_date`,`creator`,`last_update_date`,`updator`) values (4,'redis数据库模板','redis_templete','2','1','2020-04-28','DBA','2020-04-28','DBA');
insert  into `t_monitor_templete`(`id`,`name`,`code`,`type`,`status`,`creation_date`,`creator`,`last_update_date`,`updator`) values (5,'mongo数据库模板','mongo_templete','2','1','2020-04-28','DBA','2020-04-28','DBA');
insert  into `t_monitor_templete`(`id`,`name`,`code`,`type`,`status`,`creation_date`,`creator`,`last_update_date`,`updator`) values (6,'es数据库模板','es_templete','2','1','2020-04-28','DBA','2020-04-28','DBA');

/*Data for the table `t_monitor_templete_index` */

insert  into `t_monitor_templete_index`(`templete_id`,`index_id`,`creation_date`,`creator`,`last_update_date`,`updator`) values (2,'5','2020-04-08','DBA','2020-04-08','DBA');
insert  into `t_monitor_templete_index`(`templete_id`,`index_id`,`creation_date`,`creator`,`last_update_date`,`updator`) values (2,'33','2020-04-08','DBA','2020-04-08','DBA');
insert  into `t_monitor_templete_index`(`templete_id`,`index_id`,`creation_date`,`creator`,`last_update_date`,`updator`) values (2,'34','2020-04-08','DBA','2020-04-08','DBA');
insert  into `t_monitor_templete_index`(`templete_id`,`index_id`,`creation_date`,`creator`,`last_update_date`,`updator`) values (3,'37','2020-04-19','DBA','2020-04-19','DBA');
insert  into `t_monitor_templete_index`(`templete_id`,`index_id`,`creation_date`,`creator`,`last_update_date`,`updator`) values (3,'39','2020-04-19','DBA','2020-04-19','DBA');
insert  into `t_monitor_templete_index`(`templete_id`,`index_id`,`creation_date`,`creator`,`last_update_date`,`updator`) values (3,'40','2020-04-19','DBA','2020-04-19','DBA');
insert  into `t_monitor_templete_index`(`templete_id`,`index_id`,`creation_date`,`creator`,`last_update_date`,`updator`) values (1,'1','2020-04-20','DBA','2020-04-20','DBA');
insert  into `t_monitor_templete_index`(`templete_id`,`index_id`,`creation_date`,`creator`,`last_update_date`,`updator`) values (1,'2','2020-04-20','DBA','2020-04-20','DBA');
insert  into `t_monitor_templete_index`(`templete_id`,`index_id`,`creation_date`,`creator`,`last_update_date`,`updator`) values (1,'26','2020-04-20','DBA','2020-04-20','DBA');
insert  into `t_monitor_templete_index`(`templete_id`,`index_id`,`creation_date`,`creator`,`last_update_date`,`updator`) values (1,'28','2020-04-20','DBA','2020-04-20','DBA');
insert  into `t_monitor_templete_index`(`templete_id`,`index_id`,`creation_date`,`creator`,`last_update_date`,`updator`) values (1,'29','2020-04-20','DBA','2020-04-20','DBA');
insert  into `t_monitor_templete_index`(`templete_id`,`index_id`,`creation_date`,`creator`,`last_update_date`,`updator`) values (1,'31','2020-04-20','DBA','2020-04-20','DBA');
insert  into `t_monitor_templete_index`(`templete_id`,`index_id`,`creation_date`,`creator`,`last_update_date`,`updator`) values (1,'32','2020-04-20','DBA','2020-04-20','DBA');
insert  into `t_monitor_templete_index`(`templete_id`,`index_id`,`creation_date`,`creator`,`last_update_date`,`updator`) values (1,'38','2020-04-20','DBA','2020-04-20','DBA');
insert  into `t_monitor_templete_index`(`templete_id`,`index_id`,`creation_date`,`creator`,`last_update_date`,`updator`) values (4,'41','2020-04-28','DBA','2020-04-28','DBA');
insert  into `t_monitor_templete_index`(`templete_id`,`index_id`,`creation_date`,`creator`,`last_update_date`,`updator`) values (5,'42','2020-04-28','DBA','2020-04-28','DBA');
insert  into `t_monitor_templete_index`(`templete_id`,`index_id`,`creation_date`,`creator`,`last_update_date`,`updator`) values (6,'43','2020-04-28','DBA','2020-04-28','DBA');

/*Data for the table `t_role` */

insert  into `t_role`(`id`,`name`,`status`,`creation_date`,`creator`,`last_update_date`,`updator`) values (4,'系统管理员','1','2018-06-30','DBA','2020-05-11','DBA');
insert  into `t_role`(`id`,`name`,`status`,`creation_date`,`creator`,`last_update_date`,`updator`) values (6,'开发人员','1','2018-08-29','DBA','2020-04-10','DBA');
insert  into `t_role`(`id`,`name`,`status`,`creation_date`,`creator`,`last_update_date`,`updator`) values (7,'大数据开发','1','2020-02-28','DBA','2020-06-30','DBA');
insert  into `t_role`(`id`,`name`,`status`,`creation_date`,`creator`,`last_update_date`,`updator`) values (8,'测试人员','1','2020-02-29','DBA','2020-03-19','DBA');
insert  into `t_role`(`id`,`name`,`status`,`creation_date`,`creator`,`last_update_date`,`updator`) values (9,'实施人员','1','2020-03-06','DBA','2020-03-19','DBA');
insert  into `t_role`(`id`,`name`,`status`,`creation_date`,`creator`,`last_update_date`,`updator`) values (10,'好房-开发人员','1','2020-03-13','DBA','2020-03-19','DBA');
insert  into `t_role`(`id`,`name`,`status`,`creation_date`,`creator`,`last_update_date`,`updator`) values (12,'数据库管理员','1','2020-04-07','DBA','2020-05-15','DBA');

/*Data for the table `t_role_func_privs` */

insert  into `t_role_func_privs`(`id`,`role_id`,`func_id`,`creation_date`,`creator`,`last_update_date`,`updator`) values (554,'8','1','2020-03-19','DBA','2020-03-19','DBA');
insert  into `t_role_func_privs`(`id`,`role_id`,`func_id`,`creation_date`,`creator`,`last_update_date`,`updator`) values (555,'8','11','2020-03-19','DBA','2020-03-19','DBA');
insert  into `t_role_func_privs`(`id`,`role_id`,`func_id`,`creation_date`,`creator`,`last_update_date`,`updator`) values (556,'8','22','2020-03-19','DBA','2020-03-19','DBA');
insert  into `t_role_func_privs`(`id`,`role_id`,`func_id`,`creation_date`,`creator`,`last_update_date`,`updator`) values (557,'8','30','2020-03-19','DBA','2020-03-19','DBA');
insert  into `t_role_func_privs`(`id`,`role_id`,`func_id`,`creation_date`,`creator`,`last_update_date`,`updator`) values (558,'8','17','2020-03-19','DBA','2020-03-19','DBA');
insert  into `t_role_func_privs`(`id`,`role_id`,`func_id`,`creation_date`,`creator`,`last_update_date`,`updator`) values (559,'8','83','2020-03-19','DBA','2020-03-19','DBA');
insert  into `t_role_func_privs`(`id`,`role_id`,`func_id`,`creation_date`,`creator`,`last_update_date`,`updator`) values (560,'8','84','2020-03-19','DBA','2020-03-19','DBA');
insert  into `t_role_func_privs`(`id`,`role_id`,`func_id`,`creation_date`,`creator`,`last_update_date`,`updator`) values (561,'8','85','2020-03-19','DBA','2020-03-19','DBA');
insert  into `t_role_func_privs`(`id`,`role_id`,`func_id`,`creation_date`,`creator`,`last_update_date`,`updator`) values (562,'8','86','2020-03-19','DBA','2020-03-19','DBA');
insert  into `t_role_func_privs`(`id`,`role_id`,`func_id`,`creation_date`,`creator`,`last_update_date`,`updator`) values (563,'8','87','2020-03-19','DBA','2020-03-19','DBA');
insert  into `t_role_func_privs`(`id`,`role_id`,`func_id`,`creation_date`,`creator`,`last_update_date`,`updator`) values (564,'8','88','2020-03-19','DBA','2020-03-19','DBA');
insert  into `t_role_func_privs`(`id`,`role_id`,`func_id`,`creation_date`,`creator`,`last_update_date`,`updator`) values (565,'8','89','2020-03-19','DBA','2020-03-19','DBA');
insert  into `t_role_func_privs`(`id`,`role_id`,`func_id`,`creation_date`,`creator`,`last_update_date`,`updator`) values (566,'8','91','2020-03-19','DBA','2020-03-19','DBA');
insert  into `t_role_func_privs`(`id`,`role_id`,`func_id`,`creation_date`,`creator`,`last_update_date`,`updator`) values (567,'8','92','2020-03-19','DBA','2020-03-19','DBA');
insert  into `t_role_func_privs`(`id`,`role_id`,`func_id`,`creation_date`,`creator`,`last_update_date`,`updator`) values (568,'8','93','2020-03-19','DBA','2020-03-19','DBA');
insert  into `t_role_func_privs`(`id`,`role_id`,`func_id`,`creation_date`,`creator`,`last_update_date`,`updator`) values (569,'8','94','2020-03-19','DBA','2020-03-19','DBA');
insert  into `t_role_func_privs`(`id`,`role_id`,`func_id`,`creation_date`,`creator`,`last_update_date`,`updator`) values (570,'8','95','2020-03-19','DBA','2020-03-19','DBA');
insert  into `t_role_func_privs`(`id`,`role_id`,`func_id`,`creation_date`,`creator`,`last_update_date`,`updator`) values (571,'8','96','2020-03-19','DBA','2020-03-19','DBA');
insert  into `t_role_func_privs`(`id`,`role_id`,`func_id`,`creation_date`,`creator`,`last_update_date`,`updator`) values (572,'8','97','2020-03-19','DBA','2020-03-19','DBA');
insert  into `t_role_func_privs`(`id`,`role_id`,`func_id`,`creation_date`,`creator`,`last_update_date`,`updator`) values (573,'8','98','2020-03-19','DBA','2020-03-19','DBA');
insert  into `t_role_func_privs`(`id`,`role_id`,`func_id`,`creation_date`,`creator`,`last_update_date`,`updator`) values (574,'8','99','2020-03-19','DBA','2020-03-19','DBA');
insert  into `t_role_func_privs`(`id`,`role_id`,`func_id`,`creation_date`,`creator`,`last_update_date`,`updator`) values (575,'8','100','2020-03-19','DBA','2020-03-19','DBA');
insert  into `t_role_func_privs`(`id`,`role_id`,`func_id`,`creation_date`,`creator`,`last_update_date`,`updator`) values (576,'8','101','2020-03-19','DBA','2020-03-19','DBA');
insert  into `t_role_func_privs`(`id`,`role_id`,`func_id`,`creation_date`,`creator`,`last_update_date`,`updator`) values (577,'8','102','2020-03-19','DBA','2020-03-19','DBA');
insert  into `t_role_func_privs`(`id`,`role_id`,`func_id`,`creation_date`,`creator`,`last_update_date`,`updator`) values (578,'8','103','2020-03-19','DBA','2020-03-19','DBA');
insert  into `t_role_func_privs`(`id`,`role_id`,`func_id`,`creation_date`,`creator`,`last_update_date`,`updator`) values (579,'8','104','2020-03-19','DBA','2020-03-19','DBA');
insert  into `t_role_func_privs`(`id`,`role_id`,`func_id`,`creation_date`,`creator`,`last_update_date`,`updator`) values (580,'8','105','2020-03-19','DBA','2020-03-19','DBA');
insert  into `t_role_func_privs`(`id`,`role_id`,`func_id`,`creation_date`,`creator`,`last_update_date`,`updator`) values (581,'8','106','2020-03-19','DBA','2020-03-19','DBA');
insert  into `t_role_func_privs`(`id`,`role_id`,`func_id`,`creation_date`,`creator`,`last_update_date`,`updator`) values (582,'8','107','2020-03-19','DBA','2020-03-19','DBA');
insert  into `t_role_func_privs`(`id`,`role_id`,`func_id`,`creation_date`,`creator`,`last_update_date`,`updator`) values (583,'9','1','2020-03-19','DBA','2020-03-19','DBA');
insert  into `t_role_func_privs`(`id`,`role_id`,`func_id`,`creation_date`,`creator`,`last_update_date`,`updator`) values (584,'9','2','2020-03-19','DBA','2020-03-19','DBA');
insert  into `t_role_func_privs`(`id`,`role_id`,`func_id`,`creation_date`,`creator`,`last_update_date`,`updator`) values (585,'9','11','2020-03-19','DBA','2020-03-19','DBA');
insert  into `t_role_func_privs`(`id`,`role_id`,`func_id`,`creation_date`,`creator`,`last_update_date`,`updator`) values (586,'9','17','2020-03-19','DBA','2020-03-19','DBA');
insert  into `t_role_func_privs`(`id`,`role_id`,`func_id`,`creation_date`,`creator`,`last_update_date`,`updator`) values (587,'9','22','2020-03-19','DBA','2020-03-19','DBA');
insert  into `t_role_func_privs`(`id`,`role_id`,`func_id`,`creation_date`,`creator`,`last_update_date`,`updator`) values (588,'9','30','2020-03-19','DBA','2020-03-19','DBA');
insert  into `t_role_func_privs`(`id`,`role_id`,`func_id`,`creation_date`,`creator`,`last_update_date`,`updator`) values (589,'9','83','2020-03-19','DBA','2020-03-19','DBA');
insert  into `t_role_func_privs`(`id`,`role_id`,`func_id`,`creation_date`,`creator`,`last_update_date`,`updator`) values (590,'9','84','2020-03-19','DBA','2020-03-19','DBA');
insert  into `t_role_func_privs`(`id`,`role_id`,`func_id`,`creation_date`,`creator`,`last_update_date`,`updator`) values (591,'9','85','2020-03-19','DBA','2020-03-19','DBA');
insert  into `t_role_func_privs`(`id`,`role_id`,`func_id`,`creation_date`,`creator`,`last_update_date`,`updator`) values (592,'9','86','2020-03-19','DBA','2020-03-19','DBA');
insert  into `t_role_func_privs`(`id`,`role_id`,`func_id`,`creation_date`,`creator`,`last_update_date`,`updator`) values (593,'9','87','2020-03-19','DBA','2020-03-19','DBA');
insert  into `t_role_func_privs`(`id`,`role_id`,`func_id`,`creation_date`,`creator`,`last_update_date`,`updator`) values (594,'9','88','2020-03-19','DBA','2020-03-19','DBA');
insert  into `t_role_func_privs`(`id`,`role_id`,`func_id`,`creation_date`,`creator`,`last_update_date`,`updator`) values (595,'9','89','2020-03-19','DBA','2020-03-19','DBA');
insert  into `t_role_func_privs`(`id`,`role_id`,`func_id`,`creation_date`,`creator`,`last_update_date`,`updator`) values (596,'9','91','2020-03-19','DBA','2020-03-19','DBA');
insert  into `t_role_func_privs`(`id`,`role_id`,`func_id`,`creation_date`,`creator`,`last_update_date`,`updator`) values (597,'9','92','2020-03-19','DBA','2020-03-19','DBA');
insert  into `t_role_func_privs`(`id`,`role_id`,`func_id`,`creation_date`,`creator`,`last_update_date`,`updator`) values (598,'9','93','2020-03-19','DBA','2020-03-19','DBA');
insert  into `t_role_func_privs`(`id`,`role_id`,`func_id`,`creation_date`,`creator`,`last_update_date`,`updator`) values (599,'9','94','2020-03-19','DBA','2020-03-19','DBA');
insert  into `t_role_func_privs`(`id`,`role_id`,`func_id`,`creation_date`,`creator`,`last_update_date`,`updator`) values (600,'9','95','2020-03-19','DBA','2020-03-19','DBA');
insert  into `t_role_func_privs`(`id`,`role_id`,`func_id`,`creation_date`,`creator`,`last_update_date`,`updator`) values (601,'9','96','2020-03-19','DBA','2020-03-19','DBA');
insert  into `t_role_func_privs`(`id`,`role_id`,`func_id`,`creation_date`,`creator`,`last_update_date`,`updator`) values (602,'9','97','2020-03-19','DBA','2020-03-19','DBA');
insert  into `t_role_func_privs`(`id`,`role_id`,`func_id`,`creation_date`,`creator`,`last_update_date`,`updator`) values (603,'9','98','2020-03-19','DBA','2020-03-19','DBA');
insert  into `t_role_func_privs`(`id`,`role_id`,`func_id`,`creation_date`,`creator`,`last_update_date`,`updator`) values (604,'9','99','2020-03-19','DBA','2020-03-19','DBA');
insert  into `t_role_func_privs`(`id`,`role_id`,`func_id`,`creation_date`,`creator`,`last_update_date`,`updator`) values (605,'9','100','2020-03-19','DBA','2020-03-19','DBA');
insert  into `t_role_func_privs`(`id`,`role_id`,`func_id`,`creation_date`,`creator`,`last_update_date`,`updator`) values (606,'9','101','2020-03-19','DBA','2020-03-19','DBA');
insert  into `t_role_func_privs`(`id`,`role_id`,`func_id`,`creation_date`,`creator`,`last_update_date`,`updator`) values (607,'9','102','2020-03-19','DBA','2020-03-19','DBA');
insert  into `t_role_func_privs`(`id`,`role_id`,`func_id`,`creation_date`,`creator`,`last_update_date`,`updator`) values (608,'9','103','2020-03-19','DBA','2020-03-19','DBA');
insert  into `t_role_func_privs`(`id`,`role_id`,`func_id`,`creation_date`,`creator`,`last_update_date`,`updator`) values (609,'9','104','2020-03-19','DBA','2020-03-19','DBA');
insert  into `t_role_func_privs`(`id`,`role_id`,`func_id`,`creation_date`,`creator`,`last_update_date`,`updator`) values (610,'9','105','2020-03-19','DBA','2020-03-19','DBA');
insert  into `t_role_func_privs`(`id`,`role_id`,`func_id`,`creation_date`,`creator`,`last_update_date`,`updator`) values (611,'9','106','2020-03-19','DBA','2020-03-19','DBA');
insert  into `t_role_func_privs`(`id`,`role_id`,`func_id`,`creation_date`,`creator`,`last_update_date`,`updator`) values (612,'9','107','2020-03-19','DBA','2020-03-19','DBA');
insert  into `t_role_func_privs`(`id`,`role_id`,`func_id`,`creation_date`,`creator`,`last_update_date`,`updator`) values (613,'10','1','2020-03-19','DBA','2020-03-19','DBA');
insert  into `t_role_func_privs`(`id`,`role_id`,`func_id`,`creation_date`,`creator`,`last_update_date`,`updator`) values (614,'10','11','2020-03-19','DBA','2020-03-19','DBA');
insert  into `t_role_func_privs`(`id`,`role_id`,`func_id`,`creation_date`,`creator`,`last_update_date`,`updator`) values (615,'10','17','2020-03-19','DBA','2020-03-19','DBA');
insert  into `t_role_func_privs`(`id`,`role_id`,`func_id`,`creation_date`,`creator`,`last_update_date`,`updator`) values (616,'10','22','2020-03-19','DBA','2020-03-19','DBA');
insert  into `t_role_func_privs`(`id`,`role_id`,`func_id`,`creation_date`,`creator`,`last_update_date`,`updator`) values (617,'10','30','2020-03-19','DBA','2020-03-19','DBA');
insert  into `t_role_func_privs`(`id`,`role_id`,`func_id`,`creation_date`,`creator`,`last_update_date`,`updator`) values (618,'10','83','2020-03-19','DBA','2020-03-19','DBA');
insert  into `t_role_func_privs`(`id`,`role_id`,`func_id`,`creation_date`,`creator`,`last_update_date`,`updator`) values (619,'10','84','2020-03-19','DBA','2020-03-19','DBA');
insert  into `t_role_func_privs`(`id`,`role_id`,`func_id`,`creation_date`,`creator`,`last_update_date`,`updator`) values (620,'10','85','2020-03-19','DBA','2020-03-19','DBA');
insert  into `t_role_func_privs`(`id`,`role_id`,`func_id`,`creation_date`,`creator`,`last_update_date`,`updator`) values (621,'10','86','2020-03-19','DBA','2020-03-19','DBA');
insert  into `t_role_func_privs`(`id`,`role_id`,`func_id`,`creation_date`,`creator`,`last_update_date`,`updator`) values (622,'10','87','2020-03-19','DBA','2020-03-19','DBA');
insert  into `t_role_func_privs`(`id`,`role_id`,`func_id`,`creation_date`,`creator`,`last_update_date`,`updator`) values (623,'10','88','2020-03-19','DBA','2020-03-19','DBA');
insert  into `t_role_func_privs`(`id`,`role_id`,`func_id`,`creation_date`,`creator`,`last_update_date`,`updator`) values (624,'10','89','2020-03-19','DBA','2020-03-19','DBA');
insert  into `t_role_func_privs`(`id`,`role_id`,`func_id`,`creation_date`,`creator`,`last_update_date`,`updator`) values (625,'10','91','2020-03-19','DBA','2020-03-19','DBA');
insert  into `t_role_func_privs`(`id`,`role_id`,`func_id`,`creation_date`,`creator`,`last_update_date`,`updator`) values (626,'10','92','2020-03-19','DBA','2020-03-19','DBA');
insert  into `t_role_func_privs`(`id`,`role_id`,`func_id`,`creation_date`,`creator`,`last_update_date`,`updator`) values (627,'10','93','2020-03-19','DBA','2020-03-19','DBA');
insert  into `t_role_func_privs`(`id`,`role_id`,`func_id`,`creation_date`,`creator`,`last_update_date`,`updator`) values (628,'10','94','2020-03-19','DBA','2020-03-19','DBA');
insert  into `t_role_func_privs`(`id`,`role_id`,`func_id`,`creation_date`,`creator`,`last_update_date`,`updator`) values (629,'10','95','2020-03-19','DBA','2020-03-19','DBA');
insert  into `t_role_func_privs`(`id`,`role_id`,`func_id`,`creation_date`,`creator`,`last_update_date`,`updator`) values (630,'10','99','2020-03-19','DBA','2020-03-19','DBA');
insert  into `t_role_func_privs`(`id`,`role_id`,`func_id`,`creation_date`,`creator`,`last_update_date`,`updator`) values (9744,'11','','2020-03-23','DBA','2020-03-23','DBA');
insert  into `t_role_func_privs`(`id`,`role_id`,`func_id`,`creation_date`,`creator`,`last_update_date`,`updator`) values (11198,'5','1','2020-04-06','DBA','2020-04-06','DBA');
insert  into `t_role_func_privs`(`id`,`role_id`,`func_id`,`creation_date`,`creator`,`last_update_date`,`updator`) values (11199,'5','2','2020-04-06','DBA','2020-04-06','DBA');
insert  into `t_role_func_privs`(`id`,`role_id`,`func_id`,`creation_date`,`creator`,`last_update_date`,`updator`) values (11200,'5','3','2020-04-06','DBA','2020-04-06','DBA');
insert  into `t_role_func_privs`(`id`,`role_id`,`func_id`,`creation_date`,`creator`,`last_update_date`,`updator`) values (11201,'5','5','2020-04-06','DBA','2020-04-06','DBA');
insert  into `t_role_func_privs`(`id`,`role_id`,`func_id`,`creation_date`,`creator`,`last_update_date`,`updator`) values (11202,'5','6','2020-04-06','DBA','2020-04-06','DBA');
insert  into `t_role_func_privs`(`id`,`role_id`,`func_id`,`creation_date`,`creator`,`last_update_date`,`updator`) values (11203,'5','7','2020-04-06','DBA','2020-04-06','DBA');
insert  into `t_role_func_privs`(`id`,`role_id`,`func_id`,`creation_date`,`creator`,`last_update_date`,`updator`) values (11204,'5','8','2020-04-06','DBA','2020-04-06','DBA');
insert  into `t_role_func_privs`(`id`,`role_id`,`func_id`,`creation_date`,`creator`,`last_update_date`,`updator`) values (11205,'5','9','2020-04-06','DBA','2020-04-06','DBA');
insert  into `t_role_func_privs`(`id`,`role_id`,`func_id`,`creation_date`,`creator`,`last_update_date`,`updator`) values (11206,'5','10','2020-04-06','DBA','2020-04-06','DBA');
insert  into `t_role_func_privs`(`id`,`role_id`,`func_id`,`creation_date`,`creator`,`last_update_date`,`updator`) values (11207,'5','11','2020-04-06','DBA','2020-04-06','DBA');
insert  into `t_role_func_privs`(`id`,`role_id`,`func_id`,`creation_date`,`creator`,`last_update_date`,`updator`) values (11208,'5','12','2020-04-06','DBA','2020-04-06','DBA');
insert  into `t_role_func_privs`(`id`,`role_id`,`func_id`,`creation_date`,`creator`,`last_update_date`,`updator`) values (11209,'5','13','2020-04-06','DBA','2020-04-06','DBA');
insert  into `t_role_func_privs`(`id`,`role_id`,`func_id`,`creation_date`,`creator`,`last_update_date`,`updator`) values (11210,'5','14','2020-04-06','DBA','2020-04-06','DBA');
insert  into `t_role_func_privs`(`id`,`role_id`,`func_id`,`creation_date`,`creator`,`last_update_date`,`updator`) values (11211,'5','15','2020-04-06','DBA','2020-04-06','DBA');
insert  into `t_role_func_privs`(`id`,`role_id`,`func_id`,`creation_date`,`creator`,`last_update_date`,`updator`) values (11212,'5','16','2020-04-06','DBA','2020-04-06','DBA');
insert  into `t_role_func_privs`(`id`,`role_id`,`func_id`,`creation_date`,`creator`,`last_update_date`,`updator`) values (11213,'5','17','2020-04-06','DBA','2020-04-06','DBA');
insert  into `t_role_func_privs`(`id`,`role_id`,`func_id`,`creation_date`,`creator`,`last_update_date`,`updator`) values (11214,'5','18','2020-04-06','DBA','2020-04-06','DBA');
insert  into `t_role_func_privs`(`id`,`role_id`,`func_id`,`creation_date`,`creator`,`last_update_date`,`updator`) values (11215,'5','19','2020-04-06','DBA','2020-04-06','DBA');
insert  into `t_role_func_privs`(`id`,`role_id`,`func_id`,`creation_date`,`creator`,`last_update_date`,`updator`) values (11216,'5','20','2020-04-06','DBA','2020-04-06','DBA');
insert  into `t_role_func_privs`(`id`,`role_id`,`func_id`,`creation_date`,`creator`,`last_update_date`,`updator`) values (11217,'5','21','2020-04-06','DBA','2020-04-06','DBA');
insert  into `t_role_func_privs`(`id`,`role_id`,`func_id`,`creation_date`,`creator`,`last_update_date`,`updator`) values (11218,'5','22','2020-04-06','DBA','2020-04-06','DBA');
insert  into `t_role_func_privs`(`id`,`role_id`,`func_id`,`creation_date`,`creator`,`last_update_date`,`updator`) values (11219,'5','23','2020-04-06','DBA','2020-04-06','DBA');
insert  into `t_role_func_privs`(`id`,`role_id`,`func_id`,`creation_date`,`creator`,`last_update_date`,`updator`) values (11220,'5','24','2020-04-06','DBA','2020-04-06','DBA');
insert  into `t_role_func_privs`(`id`,`role_id`,`func_id`,`creation_date`,`creator`,`last_update_date`,`updator`) values (11221,'5','25','2020-04-06','DBA','2020-04-06','DBA');
insert  into `t_role_func_privs`(`id`,`role_id`,`func_id`,`creation_date`,`creator`,`last_update_date`,`updator`) values (11222,'5','26','2020-04-06','DBA','2020-04-06','DBA');
insert  into `t_role_func_privs`(`id`,`role_id`,`func_id`,`creation_date`,`creator`,`last_update_date`,`updator`) values (11223,'5','27','2020-04-06','DBA','2020-04-06','DBA');
insert  into `t_role_func_privs`(`id`,`role_id`,`func_id`,`creation_date`,`creator`,`last_update_date`,`updator`) values (11224,'5','28','2020-04-06','DBA','2020-04-06','DBA');
insert  into `t_role_func_privs`(`id`,`role_id`,`func_id`,`creation_date`,`creator`,`last_update_date`,`updator`) values (11225,'5','29','2020-04-06','DBA','2020-04-06','DBA');
insert  into `t_role_func_privs`(`id`,`role_id`,`func_id`,`creation_date`,`creator`,`last_update_date`,`updator`) values (11226,'5','30','2020-04-06','DBA','2020-04-06','DBA');
insert  into `t_role_func_privs`(`id`,`role_id`,`func_id`,`creation_date`,`creator`,`last_update_date`,`updator`) values (11227,'5','31','2020-04-06','DBA','2020-04-06','DBA');
insert  into `t_role_func_privs`(`id`,`role_id`,`func_id`,`creation_date`,`creator`,`last_update_date`,`updator`) values (11228,'5','32','2020-04-06','DBA','2020-04-06','DBA');
insert  into `t_role_func_privs`(`id`,`role_id`,`func_id`,`creation_date`,`creator`,`last_update_date`,`updator`) values (11229,'5','33','2020-04-06','DBA','2020-04-06','DBA');
insert  into `t_role_func_privs`(`id`,`role_id`,`func_id`,`creation_date`,`creator`,`last_update_date`,`updator`) values (11230,'5','34','2020-04-06','DBA','2020-04-06','DBA');
insert  into `t_role_func_privs`(`id`,`role_id`,`func_id`,`creation_date`,`creator`,`last_update_date`,`updator`) values (11231,'5','35','2020-04-06','DBA','2020-04-06','DBA');
insert  into `t_role_func_privs`(`id`,`role_id`,`func_id`,`creation_date`,`creator`,`last_update_date`,`updator`) values (11232,'5','36','2020-04-06','DBA','2020-04-06','DBA');
insert  into `t_role_func_privs`(`id`,`role_id`,`func_id`,`creation_date`,`creator`,`last_update_date`,`updator`) values (11233,'5','37','2020-04-06','DBA','2020-04-06','DBA');
insert  into `t_role_func_privs`(`id`,`role_id`,`func_id`,`creation_date`,`creator`,`last_update_date`,`updator`) values (11234,'5','38','2020-04-06','DBA','2020-04-06','DBA');
insert  into `t_role_func_privs`(`id`,`role_id`,`func_id`,`creation_date`,`creator`,`last_update_date`,`updator`) values (11235,'5','39','2020-04-06','DBA','2020-04-06','DBA');
insert  into `t_role_func_privs`(`id`,`role_id`,`func_id`,`creation_date`,`creator`,`last_update_date`,`updator`) values (11236,'5','40','2020-04-06','DBA','2020-04-06','DBA');
insert  into `t_role_func_privs`(`id`,`role_id`,`func_id`,`creation_date`,`creator`,`last_update_date`,`updator`) values (11237,'5','41','2020-04-06','DBA','2020-04-06','DBA');
insert  into `t_role_func_privs`(`id`,`role_id`,`func_id`,`creation_date`,`creator`,`last_update_date`,`updator`) values (11238,'5','42','2020-04-06','DBA','2020-04-06','DBA');
insert  into `t_role_func_privs`(`id`,`role_id`,`func_id`,`creation_date`,`creator`,`last_update_date`,`updator`) values (11239,'5','43','2020-04-06','DBA','2020-04-06','DBA');
insert  into `t_role_func_privs`(`id`,`role_id`,`func_id`,`creation_date`,`creator`,`last_update_date`,`updator`) values (11240,'5','44','2020-04-06','DBA','2020-04-06','DBA');
insert  into `t_role_func_privs`(`id`,`role_id`,`func_id`,`creation_date`,`creator`,`last_update_date`,`updator`) values (11241,'5','45','2020-04-06','DBA','2020-04-06','DBA');
insert  into `t_role_func_privs`(`id`,`role_id`,`func_id`,`creation_date`,`creator`,`last_update_date`,`updator`) values (11242,'5','46','2020-04-06','DBA','2020-04-06','DBA');
insert  into `t_role_func_privs`(`id`,`role_id`,`func_id`,`creation_date`,`creator`,`last_update_date`,`updator`) values (11243,'5','47','2020-04-06','DBA','2020-04-06','DBA');
insert  into `t_role_func_privs`(`id`,`role_id`,`func_id`,`creation_date`,`creator`,`last_update_date`,`updator`) values (11244,'5','48','2020-04-06','DBA','2020-04-06','DBA');
insert  into `t_role_func_privs`(`id`,`role_id`,`func_id`,`creation_date`,`creator`,`last_update_date`,`updator`) values (11245,'5','49','2020-04-06','DBA','2020-04-06','DBA');
insert  into `t_role_func_privs`(`id`,`role_id`,`func_id`,`creation_date`,`creator`,`last_update_date`,`updator`) values (11246,'5','50','2020-04-06','DBA','2020-04-06','DBA');
insert  into `t_role_func_privs`(`id`,`role_id`,`func_id`,`creation_date`,`creator`,`last_update_date`,`updator`) values (11247,'5','51','2020-04-06','DBA','2020-04-06','DBA');
insert  into `t_role_func_privs`(`id`,`role_id`,`func_id`,`creation_date`,`creator`,`last_update_date`,`updator`) values (11248,'5','52','2020-04-06','DBA','2020-04-06','DBA');
insert  into `t_role_func_privs`(`id`,`role_id`,`func_id`,`creation_date`,`creator`,`last_update_date`,`updator`) values (11249,'5','53','2020-04-06','DBA','2020-04-06','DBA');
insert  into `t_role_func_privs`(`id`,`role_id`,`func_id`,`creation_date`,`creator`,`last_update_date`,`updator`) values (11250,'5','54','2020-04-06','DBA','2020-04-06','DBA');
insert  into `t_role_func_privs`(`id`,`role_id`,`func_id`,`creation_date`,`creator`,`last_update_date`,`updator`) values (11251,'5','55','2020-04-06','DBA','2020-04-06','DBA');
insert  into `t_role_func_privs`(`id`,`role_id`,`func_id`,`creation_date`,`creator`,`last_update_date`,`updator`) values (11252,'5','56','2020-04-06','DBA','2020-04-06','DBA');
insert  into `t_role_func_privs`(`id`,`role_id`,`func_id`,`creation_date`,`creator`,`last_update_date`,`updator`) values (11253,'5','57','2020-04-06','DBA','2020-04-06','DBA');
insert  into `t_role_func_privs`(`id`,`role_id`,`func_id`,`creation_date`,`creator`,`last_update_date`,`updator`) values (11254,'5','58','2020-04-06','DBA','2020-04-06','DBA');
insert  into `t_role_func_privs`(`id`,`role_id`,`func_id`,`creation_date`,`creator`,`last_update_date`,`updator`) values (11255,'5','59','2020-04-06','DBA','2020-04-06','DBA');
insert  into `t_role_func_privs`(`id`,`role_id`,`func_id`,`creation_date`,`creator`,`last_update_date`,`updator`) values (11256,'5','60','2020-04-06','DBA','2020-04-06','DBA');
insert  into `t_role_func_privs`(`id`,`role_id`,`func_id`,`creation_date`,`creator`,`last_update_date`,`updator`) values (11257,'5','61','2020-04-06','DBA','2020-04-06','DBA');
insert  into `t_role_func_privs`(`id`,`role_id`,`func_id`,`creation_date`,`creator`,`last_update_date`,`updator`) values (11258,'5','62','2020-04-06','DBA','2020-04-06','DBA');
insert  into `t_role_func_privs`(`id`,`role_id`,`func_id`,`creation_date`,`creator`,`last_update_date`,`updator`) values (11259,'5','63','2020-04-06','DBA','2020-04-06','DBA');
insert  into `t_role_func_privs`(`id`,`role_id`,`func_id`,`creation_date`,`creator`,`last_update_date`,`updator`) values (11260,'5','64','2020-04-06','DBA','2020-04-06','DBA');
insert  into `t_role_func_privs`(`id`,`role_id`,`func_id`,`creation_date`,`creator`,`last_update_date`,`updator`) values (11261,'5','65','2020-04-06','DBA','2020-04-06','DBA');
insert  into `t_role_func_privs`(`id`,`role_id`,`func_id`,`creation_date`,`creator`,`last_update_date`,`updator`) values (11262,'5','66','2020-04-06','DBA','2020-04-06','DBA');
insert  into `t_role_func_privs`(`id`,`role_id`,`func_id`,`creation_date`,`creator`,`last_update_date`,`updator`) values (11263,'5','67','2020-04-06','DBA','2020-04-06','DBA');
insert  into `t_role_func_privs`(`id`,`role_id`,`func_id`,`creation_date`,`creator`,`last_update_date`,`updator`) values (11264,'5','68','2020-04-06','DBA','2020-04-06','DBA');
insert  into `t_role_func_privs`(`id`,`role_id`,`func_id`,`creation_date`,`creator`,`last_update_date`,`updator`) values (11265,'5','69','2020-04-06','DBA','2020-04-06','DBA');
insert  into `t_role_func_privs`(`id`,`role_id`,`func_id`,`creation_date`,`creator`,`last_update_date`,`updator`) values (11266,'5','70','2020-04-06','DBA','2020-04-06','DBA');
insert  into `t_role_func_privs`(`id`,`role_id`,`func_id`,`creation_date`,`creator`,`last_update_date`,`updator`) values (11267,'5','71','2020-04-06','DBA','2020-04-06','DBA');
insert  into `t_role_func_privs`(`id`,`role_id`,`func_id`,`creation_date`,`creator`,`last_update_date`,`updator`) values (11268,'5','72','2020-04-06','DBA','2020-04-06','DBA');
insert  into `t_role_func_privs`(`id`,`role_id`,`func_id`,`creation_date`,`creator`,`last_update_date`,`updator`) values (11269,'5','73','2020-04-06','DBA','2020-04-06','DBA');
insert  into `t_role_func_privs`(`id`,`role_id`,`func_id`,`creation_date`,`creator`,`last_update_date`,`updator`) values (11270,'5','74','2020-04-06','DBA','2020-04-06','DBA');
insert  into `t_role_func_privs`(`id`,`role_id`,`func_id`,`creation_date`,`creator`,`last_update_date`,`updator`) values (11271,'5','75','2020-04-06','DBA','2020-04-06','DBA');
insert  into `t_role_func_privs`(`id`,`role_id`,`func_id`,`creation_date`,`creator`,`last_update_date`,`updator`) values (11272,'5','76','2020-04-06','DBA','2020-04-06','DBA');
insert  into `t_role_func_privs`(`id`,`role_id`,`func_id`,`creation_date`,`creator`,`last_update_date`,`updator`) values (11273,'5','77','2020-04-06','DBA','2020-04-06','DBA');
insert  into `t_role_func_privs`(`id`,`role_id`,`func_id`,`creation_date`,`creator`,`last_update_date`,`updator`) values (11274,'5','78','2020-04-06','DBA','2020-04-06','DBA');
insert  into `t_role_func_privs`(`id`,`role_id`,`func_id`,`creation_date`,`creator`,`last_update_date`,`updator`) values (11275,'5','79','2020-04-06','DBA','2020-04-06','DBA');
insert  into `t_role_func_privs`(`id`,`role_id`,`func_id`,`creation_date`,`creator`,`last_update_date`,`updator`) values (11276,'5','80','2020-04-06','DBA','2020-04-06','DBA');
insert  into `t_role_func_privs`(`id`,`role_id`,`func_id`,`creation_date`,`creator`,`last_update_date`,`updator`) values (11277,'5','81','2020-04-06','DBA','2020-04-06','DBA');
insert  into `t_role_func_privs`(`id`,`role_id`,`func_id`,`creation_date`,`creator`,`last_update_date`,`updator`) values (11278,'5','82','2020-04-06','DBA','2020-04-06','DBA');
insert  into `t_role_func_privs`(`id`,`role_id`,`func_id`,`creation_date`,`creator`,`last_update_date`,`updator`) values (11279,'5','83','2020-04-06','DBA','2020-04-06','DBA');
insert  into `t_role_func_privs`(`id`,`role_id`,`func_id`,`creation_date`,`creator`,`last_update_date`,`updator`) values (11280,'5','84','2020-04-06','DBA','2020-04-06','DBA');
insert  into `t_role_func_privs`(`id`,`role_id`,`func_id`,`creation_date`,`creator`,`last_update_date`,`updator`) values (11281,'5','85','2020-04-06','DBA','2020-04-06','DBA');
insert  into `t_role_func_privs`(`id`,`role_id`,`func_id`,`creation_date`,`creator`,`last_update_date`,`updator`) values (11282,'5','86','2020-04-06','DBA','2020-04-06','DBA');
insert  into `t_role_func_privs`(`id`,`role_id`,`func_id`,`creation_date`,`creator`,`last_update_date`,`updator`) values (11283,'5','87','2020-04-06','DBA','2020-04-06','DBA');
insert  into `t_role_func_privs`(`id`,`role_id`,`func_id`,`creation_date`,`creator`,`last_update_date`,`updator`) values (11284,'5','88','2020-04-06','DBA','2020-04-06','DBA');
insert  into `t_role_func_privs`(`id`,`role_id`,`func_id`,`creation_date`,`creator`,`last_update_date`,`updator`) values (11285,'5','89','2020-04-06','DBA','2020-04-06','DBA');
insert  into `t_role_func_privs`(`id`,`role_id`,`func_id`,`creation_date`,`creator`,`last_update_date`,`updator`) values (11286,'5','91','2020-04-06','DBA','2020-04-06','DBA');
insert  into `t_role_func_privs`(`id`,`role_id`,`func_id`,`creation_date`,`creator`,`last_update_date`,`updator`) values (11287,'5','92','2020-04-06','DBA','2020-04-06','DBA');
insert  into `t_role_func_privs`(`id`,`role_id`,`func_id`,`creation_date`,`creator`,`last_update_date`,`updator`) values (11288,'5','93','2020-04-06','DBA','2020-04-06','DBA');
insert  into `t_role_func_privs`(`id`,`role_id`,`func_id`,`creation_date`,`creator`,`last_update_date`,`updator`) values (11289,'5','94','2020-04-06','DBA','2020-04-06','DBA');
insert  into `t_role_func_privs`(`id`,`role_id`,`func_id`,`creation_date`,`creator`,`last_update_date`,`updator`) values (11290,'5','95','2020-04-06','DBA','2020-04-06','DBA');
insert  into `t_role_func_privs`(`id`,`role_id`,`func_id`,`creation_date`,`creator`,`last_update_date`,`updator`) values (11291,'5','96','2020-04-06','DBA','2020-04-06','DBA');
insert  into `t_role_func_privs`(`id`,`role_id`,`func_id`,`creation_date`,`creator`,`last_update_date`,`updator`) values (11292,'5','97','2020-04-06','DBA','2020-04-06','DBA');
insert  into `t_role_func_privs`(`id`,`role_id`,`func_id`,`creation_date`,`creator`,`last_update_date`,`updator`) values (11293,'5','98','2020-04-06','DBA','2020-04-06','DBA');
insert  into `t_role_func_privs`(`id`,`role_id`,`func_id`,`creation_date`,`creator`,`last_update_date`,`updator`) values (11294,'5','99','2020-04-06','DBA','2020-04-06','DBA');
insert  into `t_role_func_privs`(`id`,`role_id`,`func_id`,`creation_date`,`creator`,`last_update_date`,`updator`) values (11295,'5','100','2020-04-06','DBA','2020-04-06','DBA');
insert  into `t_role_func_privs`(`id`,`role_id`,`func_id`,`creation_date`,`creator`,`last_update_date`,`updator`) values (11296,'5','101','2020-04-06','DBA','2020-04-06','DBA');
insert  into `t_role_func_privs`(`id`,`role_id`,`func_id`,`creation_date`,`creator`,`last_update_date`,`updator`) values (11297,'5','102','2020-04-06','DBA','2020-04-06','DBA');
insert  into `t_role_func_privs`(`id`,`role_id`,`func_id`,`creation_date`,`creator`,`last_update_date`,`updator`) values (11298,'5','103','2020-04-06','DBA','2020-04-06','DBA');
insert  into `t_role_func_privs`(`id`,`role_id`,`func_id`,`creation_date`,`creator`,`last_update_date`,`updator`) values (11299,'5','104','2020-04-06','DBA','2020-04-06','DBA');
insert  into `t_role_func_privs`(`id`,`role_id`,`func_id`,`creation_date`,`creator`,`last_update_date`,`updator`) values (11300,'5','105','2020-04-06','DBA','2020-04-06','DBA');
insert  into `t_role_func_privs`(`id`,`role_id`,`func_id`,`creation_date`,`creator`,`last_update_date`,`updator`) values (11301,'5','106','2020-04-06','DBA','2020-04-06','DBA');
insert  into `t_role_func_privs`(`id`,`role_id`,`func_id`,`creation_date`,`creator`,`last_update_date`,`updator`) values (11302,'5','107','2020-04-06','DBA','2020-04-06','DBA');
insert  into `t_role_func_privs`(`id`,`role_id`,`func_id`,`creation_date`,`creator`,`last_update_date`,`updator`) values (11303,'5','108','2020-04-06','DBA','2020-04-06','DBA');
insert  into `t_role_func_privs`(`id`,`role_id`,`func_id`,`creation_date`,`creator`,`last_update_date`,`updator`) values (11304,'5','109','2020-04-06','DBA','2020-04-06','DBA');
insert  into `t_role_func_privs`(`id`,`role_id`,`func_id`,`creation_date`,`creator`,`last_update_date`,`updator`) values (11305,'5','110','2020-04-06','DBA','2020-04-06','DBA');
insert  into `t_role_func_privs`(`id`,`role_id`,`func_id`,`creation_date`,`creator`,`last_update_date`,`updator`) values (11306,'5','111','2020-04-06','DBA','2020-04-06','DBA');
insert  into `t_role_func_privs`(`id`,`role_id`,`func_id`,`creation_date`,`creator`,`last_update_date`,`updator`) values (11307,'5','112','2020-04-06','DBA','2020-04-06','DBA');
insert  into `t_role_func_privs`(`id`,`role_id`,`func_id`,`creation_date`,`creator`,`last_update_date`,`updator`) values (11308,'5','113','2020-04-06','DBA','2020-04-06','DBA');
insert  into `t_role_func_privs`(`id`,`role_id`,`func_id`,`creation_date`,`creator`,`last_update_date`,`updator`) values (11309,'5','114','2020-04-06','DBA','2020-04-06','DBA');
insert  into `t_role_func_privs`(`id`,`role_id`,`func_id`,`creation_date`,`creator`,`last_update_date`,`updator`) values (11310,'5','115','2020-04-06','DBA','2020-04-06','DBA');
insert  into `t_role_func_privs`(`id`,`role_id`,`func_id`,`creation_date`,`creator`,`last_update_date`,`updator`) values (11311,'5','116','2020-04-06','DBA','2020-04-06','DBA');
insert  into `t_role_func_privs`(`id`,`role_id`,`func_id`,`creation_date`,`creator`,`last_update_date`,`updator`) values (11312,'5','117','2020-04-06','DBA','2020-04-06','DBA');
insert  into `t_role_func_privs`(`id`,`role_id`,`func_id`,`creation_date`,`creator`,`last_update_date`,`updator`) values (11313,'5','118','2020-04-06','DBA','2020-04-06','DBA');
insert  into `t_role_func_privs`(`id`,`role_id`,`func_id`,`creation_date`,`creator`,`last_update_date`,`updator`) values (11314,'5','119','2020-04-06','DBA','2020-04-06','DBA');
insert  into `t_role_func_privs`(`id`,`role_id`,`func_id`,`creation_date`,`creator`,`last_update_date`,`updator`) values (11315,'5','120','2020-04-06','DBA','2020-04-06','DBA');
insert  into `t_role_func_privs`(`id`,`role_id`,`func_id`,`creation_date`,`creator`,`last_update_date`,`updator`) values (11316,'5','121','2020-04-06','DBA','2020-04-06','DBA');
insert  into `t_role_func_privs`(`id`,`role_id`,`func_id`,`creation_date`,`creator`,`last_update_date`,`updator`) values (11317,'5','122','2020-04-06','DBA','2020-04-06','DBA');
insert  into `t_role_func_privs`(`id`,`role_id`,`func_id`,`creation_date`,`creator`,`last_update_date`,`updator`) values (11318,'5','123','2020-04-06','DBA','2020-04-06','DBA');
insert  into `t_role_func_privs`(`id`,`role_id`,`func_id`,`creation_date`,`creator`,`last_update_date`,`updator`) values (11319,'5','125','2020-04-06','DBA','2020-04-06','DBA');
insert  into `t_role_func_privs`(`id`,`role_id`,`func_id`,`creation_date`,`creator`,`last_update_date`,`updator`) values (11320,'5','126','2020-04-06','DBA','2020-04-06','DBA');
insert  into `t_role_func_privs`(`id`,`role_id`,`func_id`,`creation_date`,`creator`,`last_update_date`,`updator`) values (11321,'5','127','2020-04-06','DBA','2020-04-06','DBA');
insert  into `t_role_func_privs`(`id`,`role_id`,`func_id`,`creation_date`,`creator`,`last_update_date`,`updator`) values (11322,'5','128','2020-04-06','DBA','2020-04-06','DBA');
insert  into `t_role_func_privs`(`id`,`role_id`,`func_id`,`creation_date`,`creator`,`last_update_date`,`updator`) values (11323,'5','129','2020-04-06','DBA','2020-04-06','DBA');
insert  into `t_role_func_privs`(`id`,`role_id`,`func_id`,`creation_date`,`creator`,`last_update_date`,`updator`) values (11324,'5','130','2020-04-06','DBA','2020-04-06','DBA');
insert  into `t_role_func_privs`(`id`,`role_id`,`func_id`,`creation_date`,`creator`,`last_update_date`,`updator`) values (11325,'5','131','2020-04-06','DBA','2020-04-06','DBA');
insert  into `t_role_func_privs`(`id`,`role_id`,`func_id`,`creation_date`,`creator`,`last_update_date`,`updator`) values (11326,'5','132','2020-04-06','DBA','2020-04-06','DBA');
insert  into `t_role_func_privs`(`id`,`role_id`,`func_id`,`creation_date`,`creator`,`last_update_date`,`updator`) values (11327,'5','133','2020-04-06','DBA','2020-04-06','DBA');
insert  into `t_role_func_privs`(`id`,`role_id`,`func_id`,`creation_date`,`creator`,`last_update_date`,`updator`) values (11328,'5','134','2020-04-06','DBA','2020-04-06','DBA');
insert  into `t_role_func_privs`(`id`,`role_id`,`func_id`,`creation_date`,`creator`,`last_update_date`,`updator`) values (11329,'5','135','2020-04-06','DBA','2020-04-06','DBA');
insert  into `t_role_func_privs`(`id`,`role_id`,`func_id`,`creation_date`,`creator`,`last_update_date`,`updator`) values (11330,'5','136','2020-04-06','DBA','2020-04-06','DBA');
insert  into `t_role_func_privs`(`id`,`role_id`,`func_id`,`creation_date`,`creator`,`last_update_date`,`updator`) values (11331,'5','138','2020-04-06','DBA','2020-04-06','DBA');
insert  into `t_role_func_privs`(`id`,`role_id`,`func_id`,`creation_date`,`creator`,`last_update_date`,`updator`) values (11332,'5','139','2020-04-06','DBA','2020-04-06','DBA');
insert  into `t_role_func_privs`(`id`,`role_id`,`func_id`,`creation_date`,`creator`,`last_update_date`,`updator`) values (11333,'5','140','2020-04-06','DBA','2020-04-06','DBA');
insert  into `t_role_func_privs`(`id`,`role_id`,`func_id`,`creation_date`,`creator`,`last_update_date`,`updator`) values (11334,'5','141','2020-04-06','DBA','2020-04-06','DBA');
insert  into `t_role_func_privs`(`id`,`role_id`,`func_id`,`creation_date`,`creator`,`last_update_date`,`updator`) values (11335,'5','142','2020-04-06','DBA','2020-04-06','DBA');
insert  into `t_role_func_privs`(`id`,`role_id`,`func_id`,`creation_date`,`creator`,`last_update_date`,`updator`) values (11336,'5','144','2020-04-06','DBA','2020-04-06','DBA');
insert  into `t_role_func_privs`(`id`,`role_id`,`func_id`,`creation_date`,`creator`,`last_update_date`,`updator`) values (11337,'5','143','2020-04-06','DBA','2020-04-06','DBA');
insert  into `t_role_func_privs`(`id`,`role_id`,`func_id`,`creation_date`,`creator`,`last_update_date`,`updator`) values (11338,'5','145','2020-04-06','DBA','2020-04-06','DBA');
insert  into `t_role_func_privs`(`id`,`role_id`,`func_id`,`creation_date`,`creator`,`last_update_date`,`updator`) values (11339,'5','146','2020-04-06','DBA','2020-04-06','DBA');
insert  into `t_role_func_privs`(`id`,`role_id`,`func_id`,`creation_date`,`creator`,`last_update_date`,`updator`) values (11340,'5','147','2020-04-06','DBA','2020-04-06','DBA');
insert  into `t_role_func_privs`(`id`,`role_id`,`func_id`,`creation_date`,`creator`,`last_update_date`,`updator`) values (11341,'5','148','2020-04-06','DBA','2020-04-06','DBA');
insert  into `t_role_func_privs`(`id`,`role_id`,`func_id`,`creation_date`,`creator`,`last_update_date`,`updator`) values (11342,'5','149','2020-04-06','DBA','2020-04-06','DBA');
insert  into `t_role_func_privs`(`id`,`role_id`,`func_id`,`creation_date`,`creator`,`last_update_date`,`updator`) values (11343,'5','150','2020-04-06','DBA','2020-04-06','DBA');
insert  into `t_role_func_privs`(`id`,`role_id`,`func_id`,`creation_date`,`creator`,`last_update_date`,`updator`) values (11344,'5','151','2020-04-06','DBA','2020-04-06','DBA');
insert  into `t_role_func_privs`(`id`,`role_id`,`func_id`,`creation_date`,`creator`,`last_update_date`,`updator`) values (11345,'5','152','2020-04-06','DBA','2020-04-06','DBA');
insert  into `t_role_func_privs`(`id`,`role_id`,`func_id`,`creation_date`,`creator`,`last_update_date`,`updator`) values (11833,'6','1','2020-04-10','DBA','2020-04-10','DBA');
insert  into `t_role_func_privs`(`id`,`role_id`,`func_id`,`creation_date`,`creator`,`last_update_date`,`updator`) values (11834,'6','11','2020-04-10','DBA','2020-04-10','DBA');
insert  into `t_role_func_privs`(`id`,`role_id`,`func_id`,`creation_date`,`creator`,`last_update_date`,`updator`) values (11835,'6','17','2020-04-10','DBA','2020-04-10','DBA');
insert  into `t_role_func_privs`(`id`,`role_id`,`func_id`,`creation_date`,`creator`,`last_update_date`,`updator`) values (11836,'6','22','2020-04-10','DBA','2020-04-10','DBA');
insert  into `t_role_func_privs`(`id`,`role_id`,`func_id`,`creation_date`,`creator`,`last_update_date`,`updator`) values (11837,'6','30','2020-04-10','DBA','2020-04-10','DBA');
insert  into `t_role_func_privs`(`id`,`role_id`,`func_id`,`creation_date`,`creator`,`last_update_date`,`updator`) values (11838,'6','83','2020-04-10','DBA','2020-04-10','DBA');
insert  into `t_role_func_privs`(`id`,`role_id`,`func_id`,`creation_date`,`creator`,`last_update_date`,`updator`) values (11839,'6','84','2020-04-10','DBA','2020-04-10','DBA');
insert  into `t_role_func_privs`(`id`,`role_id`,`func_id`,`creation_date`,`creator`,`last_update_date`,`updator`) values (11840,'6','85','2020-04-10','DBA','2020-04-10','DBA');
insert  into `t_role_func_privs`(`id`,`role_id`,`func_id`,`creation_date`,`creator`,`last_update_date`,`updator`) values (11841,'6','86','2020-04-10','DBA','2020-04-10','DBA');
insert  into `t_role_func_privs`(`id`,`role_id`,`func_id`,`creation_date`,`creator`,`last_update_date`,`updator`) values (11842,'6','87','2020-04-10','DBA','2020-04-10','DBA');
insert  into `t_role_func_privs`(`id`,`role_id`,`func_id`,`creation_date`,`creator`,`last_update_date`,`updator`) values (11843,'6','88','2020-04-10','DBA','2020-04-10','DBA');
insert  into `t_role_func_privs`(`id`,`role_id`,`func_id`,`creation_date`,`creator`,`last_update_date`,`updator`) values (11844,'6','89','2020-04-10','DBA','2020-04-10','DBA');
insert  into `t_role_func_privs`(`id`,`role_id`,`func_id`,`creation_date`,`creator`,`last_update_date`,`updator`) values (11845,'6','91','2020-04-10','DBA','2020-04-10','DBA');
insert  into `t_role_func_privs`(`id`,`role_id`,`func_id`,`creation_date`,`creator`,`last_update_date`,`updator`) values (11846,'6','92','2020-04-10','DBA','2020-04-10','DBA');
insert  into `t_role_func_privs`(`id`,`role_id`,`func_id`,`creation_date`,`creator`,`last_update_date`,`updator`) values (11847,'6','93','2020-04-10','DBA','2020-04-10','DBA');
insert  into `t_role_func_privs`(`id`,`role_id`,`func_id`,`creation_date`,`creator`,`last_update_date`,`updator`) values (11848,'6','94','2020-04-10','DBA','2020-04-10','DBA');
insert  into `t_role_func_privs`(`id`,`role_id`,`func_id`,`creation_date`,`creator`,`last_update_date`,`updator`) values (11849,'6','95','2020-04-10','DBA','2020-04-10','DBA');
insert  into `t_role_func_privs`(`id`,`role_id`,`func_id`,`creation_date`,`creator`,`last_update_date`,`updator`) values (11850,'6','96','2020-04-10','DBA','2020-04-10','DBA');
insert  into `t_role_func_privs`(`id`,`role_id`,`func_id`,`creation_date`,`creator`,`last_update_date`,`updator`) values (11851,'6','97','2020-04-10','DBA','2020-04-10','DBA');
insert  into `t_role_func_privs`(`id`,`role_id`,`func_id`,`creation_date`,`creator`,`last_update_date`,`updator`) values (11852,'6','98','2020-04-10','DBA','2020-04-10','DBA');
insert  into `t_role_func_privs`(`id`,`role_id`,`func_id`,`creation_date`,`creator`,`last_update_date`,`updator`) values (11853,'6','99','2020-04-10','DBA','2020-04-10','DBA');
insert  into `t_role_func_privs`(`id`,`role_id`,`func_id`,`creation_date`,`creator`,`last_update_date`,`updator`) values (11854,'6','100','2020-04-10','DBA','2020-04-10','DBA');
insert  into `t_role_func_privs`(`id`,`role_id`,`func_id`,`creation_date`,`creator`,`last_update_date`,`updator`) values (11855,'6','101','2020-04-10','DBA','2020-04-10','DBA');
insert  into `t_role_func_privs`(`id`,`role_id`,`func_id`,`creation_date`,`creator`,`last_update_date`,`updator`) values (11856,'6','102','2020-04-10','DBA','2020-04-10','DBA');
insert  into `t_role_func_privs`(`id`,`role_id`,`func_id`,`creation_date`,`creator`,`last_update_date`,`updator`) values (11857,'6','103','2020-04-10','DBA','2020-04-10','DBA');
insert  into `t_role_func_privs`(`id`,`role_id`,`func_id`,`creation_date`,`creator`,`last_update_date`,`updator`) values (11858,'6','104','2020-04-10','DBA','2020-04-10','DBA');
insert  into `t_role_func_privs`(`id`,`role_id`,`func_id`,`creation_date`,`creator`,`last_update_date`,`updator`) values (11859,'6','106','2020-04-10','DBA','2020-04-10','DBA');
insert  into `t_role_func_privs`(`id`,`role_id`,`func_id`,`creation_date`,`creator`,`last_update_date`,`updator`) values (11860,'6','105','2020-04-10','DBA','2020-04-10','DBA');
insert  into `t_role_func_privs`(`id`,`role_id`,`func_id`,`creation_date`,`creator`,`last_update_date`,`updator`) values (11861,'6','107','2020-04-10','DBA','2020-04-10','DBA');
insert  into `t_role_func_privs`(`id`,`role_id`,`func_id`,`creation_date`,`creator`,`last_update_date`,`updator`) values (14902,'4','1','2020-05-11','DBA','2020-05-11','DBA');
insert  into `t_role_func_privs`(`id`,`role_id`,`func_id`,`creation_date`,`creator`,`last_update_date`,`updator`) values (14903,'4','2','2020-05-11','DBA','2020-05-11','DBA');
insert  into `t_role_func_privs`(`id`,`role_id`,`func_id`,`creation_date`,`creator`,`last_update_date`,`updator`) values (14904,'4','3','2020-05-11','DBA','2020-05-11','DBA');
insert  into `t_role_func_privs`(`id`,`role_id`,`func_id`,`creation_date`,`creator`,`last_update_date`,`updator`) values (14905,'4','5','2020-05-11','DBA','2020-05-11','DBA');
insert  into `t_role_func_privs`(`id`,`role_id`,`func_id`,`creation_date`,`creator`,`last_update_date`,`updator`) values (14906,'4','6','2020-05-11','DBA','2020-05-11','DBA');
insert  into `t_role_func_privs`(`id`,`role_id`,`func_id`,`creation_date`,`creator`,`last_update_date`,`updator`) values (14907,'4','8','2020-05-11','DBA','2020-05-11','DBA');
insert  into `t_role_func_privs`(`id`,`role_id`,`func_id`,`creation_date`,`creator`,`last_update_date`,`updator`) values (14908,'4','9','2020-05-11','DBA','2020-05-11','DBA');
insert  into `t_role_func_privs`(`id`,`role_id`,`func_id`,`creation_date`,`creator`,`last_update_date`,`updator`) values (14909,'4','10','2020-05-11','DBA','2020-05-11','DBA');
insert  into `t_role_func_privs`(`id`,`role_id`,`func_id`,`creation_date`,`creator`,`last_update_date`,`updator`) values (14910,'4','11','2020-05-11','DBA','2020-05-11','DBA');
insert  into `t_role_func_privs`(`id`,`role_id`,`func_id`,`creation_date`,`creator`,`last_update_date`,`updator`) values (14911,'4','12','2020-05-11','DBA','2020-05-11','DBA');
insert  into `t_role_func_privs`(`id`,`role_id`,`func_id`,`creation_date`,`creator`,`last_update_date`,`updator`) values (14912,'4','13','2020-05-11','DBA','2020-05-11','DBA');
insert  into `t_role_func_privs`(`id`,`role_id`,`func_id`,`creation_date`,`creator`,`last_update_date`,`updator`) values (14913,'4','14','2020-05-11','DBA','2020-05-11','DBA');
insert  into `t_role_func_privs`(`id`,`role_id`,`func_id`,`creation_date`,`creator`,`last_update_date`,`updator`) values (14914,'4','15','2020-05-11','DBA','2020-05-11','DBA');
insert  into `t_role_func_privs`(`id`,`role_id`,`func_id`,`creation_date`,`creator`,`last_update_date`,`updator`) values (14915,'4','16','2020-05-11','DBA','2020-05-11','DBA');
insert  into `t_role_func_privs`(`id`,`role_id`,`func_id`,`creation_date`,`creator`,`last_update_date`,`updator`) values (14916,'4','17','2020-05-11','DBA','2020-05-11','DBA');
insert  into `t_role_func_privs`(`id`,`role_id`,`func_id`,`creation_date`,`creator`,`last_update_date`,`updator`) values (14917,'4','18','2020-05-11','DBA','2020-05-11','DBA');
insert  into `t_role_func_privs`(`id`,`role_id`,`func_id`,`creation_date`,`creator`,`last_update_date`,`updator`) values (14918,'4','19','2020-05-11','DBA','2020-05-11','DBA');
insert  into `t_role_func_privs`(`id`,`role_id`,`func_id`,`creation_date`,`creator`,`last_update_date`,`updator`) values (14919,'4','20','2020-05-11','DBA','2020-05-11','DBA');
insert  into `t_role_func_privs`(`id`,`role_id`,`func_id`,`creation_date`,`creator`,`last_update_date`,`updator`) values (14920,'4','21','2020-05-11','DBA','2020-05-11','DBA');
insert  into `t_role_func_privs`(`id`,`role_id`,`func_id`,`creation_date`,`creator`,`last_update_date`,`updator`) values (14921,'4','22','2020-05-11','DBA','2020-05-11','DBA');
insert  into `t_role_func_privs`(`id`,`role_id`,`func_id`,`creation_date`,`creator`,`last_update_date`,`updator`) values (14922,'4','23','2020-05-11','DBA','2020-05-11','DBA');
insert  into `t_role_func_privs`(`id`,`role_id`,`func_id`,`creation_date`,`creator`,`last_update_date`,`updator`) values (14923,'4','24','2020-05-11','DBA','2020-05-11','DBA');
insert  into `t_role_func_privs`(`id`,`role_id`,`func_id`,`creation_date`,`creator`,`last_update_date`,`updator`) values (14924,'4','25','2020-05-11','DBA','2020-05-11','DBA');
insert  into `t_role_func_privs`(`id`,`role_id`,`func_id`,`creation_date`,`creator`,`last_update_date`,`updator`) values (14925,'4','26','2020-05-11','DBA','2020-05-11','DBA');
insert  into `t_role_func_privs`(`id`,`role_id`,`func_id`,`creation_date`,`creator`,`last_update_date`,`updator`) values (14926,'4','27','2020-05-11','DBA','2020-05-11','DBA');
insert  into `t_role_func_privs`(`id`,`role_id`,`func_id`,`creation_date`,`creator`,`last_update_date`,`updator`) values (14927,'4','28','2020-05-11','DBA','2020-05-11','DBA');
insert  into `t_role_func_privs`(`id`,`role_id`,`func_id`,`creation_date`,`creator`,`last_update_date`,`updator`) values (14928,'4','29','2020-05-11','DBA','2020-05-11','DBA');
insert  into `t_role_func_privs`(`id`,`role_id`,`func_id`,`creation_date`,`creator`,`last_update_date`,`updator`) values (14929,'4','30','2020-05-11','DBA','2020-05-11','DBA');
insert  into `t_role_func_privs`(`id`,`role_id`,`func_id`,`creation_date`,`creator`,`last_update_date`,`updator`) values (14930,'4','31','2020-05-11','DBA','2020-05-11','DBA');
insert  into `t_role_func_privs`(`id`,`role_id`,`func_id`,`creation_date`,`creator`,`last_update_date`,`updator`) values (14931,'4','32','2020-05-11','DBA','2020-05-11','DBA');
insert  into `t_role_func_privs`(`id`,`role_id`,`func_id`,`creation_date`,`creator`,`last_update_date`,`updator`) values (14932,'4','33','2020-05-11','DBA','2020-05-11','DBA');
insert  into `t_role_func_privs`(`id`,`role_id`,`func_id`,`creation_date`,`creator`,`last_update_date`,`updator`) values (14933,'4','34','2020-05-11','DBA','2020-05-11','DBA');
insert  into `t_role_func_privs`(`id`,`role_id`,`func_id`,`creation_date`,`creator`,`last_update_date`,`updator`) values (14934,'4','35','2020-05-11','DBA','2020-05-11','DBA');
insert  into `t_role_func_privs`(`id`,`role_id`,`func_id`,`creation_date`,`creator`,`last_update_date`,`updator`) values (14935,'4','36','2020-05-11','DBA','2020-05-11','DBA');
insert  into `t_role_func_privs`(`id`,`role_id`,`func_id`,`creation_date`,`creator`,`last_update_date`,`updator`) values (14936,'4','37','2020-05-11','DBA','2020-05-11','DBA');
insert  into `t_role_func_privs`(`id`,`role_id`,`func_id`,`creation_date`,`creator`,`last_update_date`,`updator`) values (14937,'4','38','2020-05-11','DBA','2020-05-11','DBA');
insert  into `t_role_func_privs`(`id`,`role_id`,`func_id`,`creation_date`,`creator`,`last_update_date`,`updator`) values (14938,'4','39','2020-05-11','DBA','2020-05-11','DBA');
insert  into `t_role_func_privs`(`id`,`role_id`,`func_id`,`creation_date`,`creator`,`last_update_date`,`updator`) values (14939,'4','40','2020-05-11','DBA','2020-05-11','DBA');
insert  into `t_role_func_privs`(`id`,`role_id`,`func_id`,`creation_date`,`creator`,`last_update_date`,`updator`) values (14940,'4','41','2020-05-11','DBA','2020-05-11','DBA');
insert  into `t_role_func_privs`(`id`,`role_id`,`func_id`,`creation_date`,`creator`,`last_update_date`,`updator`) values (14941,'4','42','2020-05-11','DBA','2020-05-11','DBA');
insert  into `t_role_func_privs`(`id`,`role_id`,`func_id`,`creation_date`,`creator`,`last_update_date`,`updator`) values (14942,'4','43','2020-05-11','DBA','2020-05-11','DBA');
insert  into `t_role_func_privs`(`id`,`role_id`,`func_id`,`creation_date`,`creator`,`last_update_date`,`updator`) values (14943,'4','44','2020-05-11','DBA','2020-05-11','DBA');
insert  into `t_role_func_privs`(`id`,`role_id`,`func_id`,`creation_date`,`creator`,`last_update_date`,`updator`) values (14944,'4','45','2020-05-11','DBA','2020-05-11','DBA');
insert  into `t_role_func_privs`(`id`,`role_id`,`func_id`,`creation_date`,`creator`,`last_update_date`,`updator`) values (14945,'4','46','2020-05-11','DBA','2020-05-11','DBA');
insert  into `t_role_func_privs`(`id`,`role_id`,`func_id`,`creation_date`,`creator`,`last_update_date`,`updator`) values (14946,'4','47','2020-05-11','DBA','2020-05-11','DBA');
insert  into `t_role_func_privs`(`id`,`role_id`,`func_id`,`creation_date`,`creator`,`last_update_date`,`updator`) values (14947,'4','48','2020-05-11','DBA','2020-05-11','DBA');
insert  into `t_role_func_privs`(`id`,`role_id`,`func_id`,`creation_date`,`creator`,`last_update_date`,`updator`) values (14948,'4','49','2020-05-11','DBA','2020-05-11','DBA');
insert  into `t_role_func_privs`(`id`,`role_id`,`func_id`,`creation_date`,`creator`,`last_update_date`,`updator`) values (14949,'4','50','2020-05-11','DBA','2020-05-11','DBA');
insert  into `t_role_func_privs`(`id`,`role_id`,`func_id`,`creation_date`,`creator`,`last_update_date`,`updator`) values (14950,'4','51','2020-05-11','DBA','2020-05-11','DBA');
insert  into `t_role_func_privs`(`id`,`role_id`,`func_id`,`creation_date`,`creator`,`last_update_date`,`updator`) values (14951,'4','52','2020-05-11','DBA','2020-05-11','DBA');
insert  into `t_role_func_privs`(`id`,`role_id`,`func_id`,`creation_date`,`creator`,`last_update_date`,`updator`) values (14952,'4','53','2020-05-11','DBA','2020-05-11','DBA');
insert  into `t_role_func_privs`(`id`,`role_id`,`func_id`,`creation_date`,`creator`,`last_update_date`,`updator`) values (14953,'4','54','2020-05-11','DBA','2020-05-11','DBA');
insert  into `t_role_func_privs`(`id`,`role_id`,`func_id`,`creation_date`,`creator`,`last_update_date`,`updator`) values (14954,'4','55','2020-05-11','DBA','2020-05-11','DBA');
insert  into `t_role_func_privs`(`id`,`role_id`,`func_id`,`creation_date`,`creator`,`last_update_date`,`updator`) values (14955,'4','56','2020-05-11','DBA','2020-05-11','DBA');
insert  into `t_role_func_privs`(`id`,`role_id`,`func_id`,`creation_date`,`creator`,`last_update_date`,`updator`) values (14956,'4','57','2020-05-11','DBA','2020-05-11','DBA');
insert  into `t_role_func_privs`(`id`,`role_id`,`func_id`,`creation_date`,`creator`,`last_update_date`,`updator`) values (14957,'4','58','2020-05-11','DBA','2020-05-11','DBA');
insert  into `t_role_func_privs`(`id`,`role_id`,`func_id`,`creation_date`,`creator`,`last_update_date`,`updator`) values (14958,'4','59','2020-05-11','DBA','2020-05-11','DBA');
insert  into `t_role_func_privs`(`id`,`role_id`,`func_id`,`creation_date`,`creator`,`last_update_date`,`updator`) values (14959,'4','60','2020-05-11','DBA','2020-05-11','DBA');
insert  into `t_role_func_privs`(`id`,`role_id`,`func_id`,`creation_date`,`creator`,`last_update_date`,`updator`) values (14960,'4','61','2020-05-11','DBA','2020-05-11','DBA');
insert  into `t_role_func_privs`(`id`,`role_id`,`func_id`,`creation_date`,`creator`,`last_update_date`,`updator`) values (14961,'4','62','2020-05-11','DBA','2020-05-11','DBA');
insert  into `t_role_func_privs`(`id`,`role_id`,`func_id`,`creation_date`,`creator`,`last_update_date`,`updator`) values (14962,'4','63','2020-05-11','DBA','2020-05-11','DBA');
insert  into `t_role_func_privs`(`id`,`role_id`,`func_id`,`creation_date`,`creator`,`last_update_date`,`updator`) values (14963,'4','64','2020-05-11','DBA','2020-05-11','DBA');
insert  into `t_role_func_privs`(`id`,`role_id`,`func_id`,`creation_date`,`creator`,`last_update_date`,`updator`) values (14964,'4','65','2020-05-11','DBA','2020-05-11','DBA');
insert  into `t_role_func_privs`(`id`,`role_id`,`func_id`,`creation_date`,`creator`,`last_update_date`,`updator`) values (14965,'4','66','2020-05-11','DBA','2020-05-11','DBA');
insert  into `t_role_func_privs`(`id`,`role_id`,`func_id`,`creation_date`,`creator`,`last_update_date`,`updator`) values (14966,'4','67','2020-05-11','DBA','2020-05-11','DBA');
insert  into `t_role_func_privs`(`id`,`role_id`,`func_id`,`creation_date`,`creator`,`last_update_date`,`updator`) values (14967,'4','68','2020-05-11','DBA','2020-05-11','DBA');
insert  into `t_role_func_privs`(`id`,`role_id`,`func_id`,`creation_date`,`creator`,`last_update_date`,`updator`) values (14968,'4','69','2020-05-11','DBA','2020-05-11','DBA');
insert  into `t_role_func_privs`(`id`,`role_id`,`func_id`,`creation_date`,`creator`,`last_update_date`,`updator`) values (14969,'4','70','2020-05-11','DBA','2020-05-11','DBA');
insert  into `t_role_func_privs`(`id`,`role_id`,`func_id`,`creation_date`,`creator`,`last_update_date`,`updator`) values (14970,'4','71','2020-05-11','DBA','2020-05-11','DBA');
insert  into `t_role_func_privs`(`id`,`role_id`,`func_id`,`creation_date`,`creator`,`last_update_date`,`updator`) values (14971,'4','72','2020-05-11','DBA','2020-05-11','DBA');
insert  into `t_role_func_privs`(`id`,`role_id`,`func_id`,`creation_date`,`creator`,`last_update_date`,`updator`) values (14972,'4','73','2020-05-11','DBA','2020-05-11','DBA');
insert  into `t_role_func_privs`(`id`,`role_id`,`func_id`,`creation_date`,`creator`,`last_update_date`,`updator`) values (14973,'4','74','2020-05-11','DBA','2020-05-11','DBA');
insert  into `t_role_func_privs`(`id`,`role_id`,`func_id`,`creation_date`,`creator`,`last_update_date`,`updator`) values (14974,'4','75','2020-05-11','DBA','2020-05-11','DBA');
insert  into `t_role_func_privs`(`id`,`role_id`,`func_id`,`creation_date`,`creator`,`last_update_date`,`updator`) values (14975,'4','76','2020-05-11','DBA','2020-05-11','DBA');
insert  into `t_role_func_privs`(`id`,`role_id`,`func_id`,`creation_date`,`creator`,`last_update_date`,`updator`) values (14976,'4','77','2020-05-11','DBA','2020-05-11','DBA');
insert  into `t_role_func_privs`(`id`,`role_id`,`func_id`,`creation_date`,`creator`,`last_update_date`,`updator`) values (14977,'4','78','2020-05-11','DBA','2020-05-11','DBA');
insert  into `t_role_func_privs`(`id`,`role_id`,`func_id`,`creation_date`,`creator`,`last_update_date`,`updator`) values (14978,'4','79','2020-05-11','DBA','2020-05-11','DBA');
insert  into `t_role_func_privs`(`id`,`role_id`,`func_id`,`creation_date`,`creator`,`last_update_date`,`updator`) values (14979,'4','80','2020-05-11','DBA','2020-05-11','DBA');
insert  into `t_role_func_privs`(`id`,`role_id`,`func_id`,`creation_date`,`creator`,`last_update_date`,`updator`) values (14980,'4','81','2020-05-11','DBA','2020-05-11','DBA');
insert  into `t_role_func_privs`(`id`,`role_id`,`func_id`,`creation_date`,`creator`,`last_update_date`,`updator`) values (14981,'4','82','2020-05-11','DBA','2020-05-11','DBA');
insert  into `t_role_func_privs`(`id`,`role_id`,`func_id`,`creation_date`,`creator`,`last_update_date`,`updator`) values (14982,'4','83','2020-05-11','DBA','2020-05-11','DBA');
insert  into `t_role_func_privs`(`id`,`role_id`,`func_id`,`creation_date`,`creator`,`last_update_date`,`updator`) values (14983,'4','84','2020-05-11','DBA','2020-05-11','DBA');
insert  into `t_role_func_privs`(`id`,`role_id`,`func_id`,`creation_date`,`creator`,`last_update_date`,`updator`) values (14984,'4','85','2020-05-11','DBA','2020-05-11','DBA');
insert  into `t_role_func_privs`(`id`,`role_id`,`func_id`,`creation_date`,`creator`,`last_update_date`,`updator`) values (14985,'4','86','2020-05-11','DBA','2020-05-11','DBA');
insert  into `t_role_func_privs`(`id`,`role_id`,`func_id`,`creation_date`,`creator`,`last_update_date`,`updator`) values (14986,'4','87','2020-05-11','DBA','2020-05-11','DBA');
insert  into `t_role_func_privs`(`id`,`role_id`,`func_id`,`creation_date`,`creator`,`last_update_date`,`updator`) values (14987,'4','88','2020-05-11','DBA','2020-05-11','DBA');
insert  into `t_role_func_privs`(`id`,`role_id`,`func_id`,`creation_date`,`creator`,`last_update_date`,`updator`) values (14988,'4','89','2020-05-11','DBA','2020-05-11','DBA');
insert  into `t_role_func_privs`(`id`,`role_id`,`func_id`,`creation_date`,`creator`,`last_update_date`,`updator`) values (14989,'4','91','2020-05-11','DBA','2020-05-11','DBA');
insert  into `t_role_func_privs`(`id`,`role_id`,`func_id`,`creation_date`,`creator`,`last_update_date`,`updator`) values (14990,'4','92','2020-05-11','DBA','2020-05-11','DBA');
insert  into `t_role_func_privs`(`id`,`role_id`,`func_id`,`creation_date`,`creator`,`last_update_date`,`updator`) values (14991,'4','93','2020-05-11','DBA','2020-05-11','DBA');
insert  into `t_role_func_privs`(`id`,`role_id`,`func_id`,`creation_date`,`creator`,`last_update_date`,`updator`) values (14992,'4','94','2020-05-11','DBA','2020-05-11','DBA');
insert  into `t_role_func_privs`(`id`,`role_id`,`func_id`,`creation_date`,`creator`,`last_update_date`,`updator`) values (14993,'4','95','2020-05-11','DBA','2020-05-11','DBA');
insert  into `t_role_func_privs`(`id`,`role_id`,`func_id`,`creation_date`,`creator`,`last_update_date`,`updator`) values (14994,'4','96','2020-05-11','DBA','2020-05-11','DBA');
insert  into `t_role_func_privs`(`id`,`role_id`,`func_id`,`creation_date`,`creator`,`last_update_date`,`updator`) values (14995,'4','97','2020-05-11','DBA','2020-05-11','DBA');
insert  into `t_role_func_privs`(`id`,`role_id`,`func_id`,`creation_date`,`creator`,`last_update_date`,`updator`) values (14996,'4','98','2020-05-11','DBA','2020-05-11','DBA');
insert  into `t_role_func_privs`(`id`,`role_id`,`func_id`,`creation_date`,`creator`,`last_update_date`,`updator`) values (14997,'4','99','2020-05-11','DBA','2020-05-11','DBA');
insert  into `t_role_func_privs`(`id`,`role_id`,`func_id`,`creation_date`,`creator`,`last_update_date`,`updator`) values (14998,'4','100','2020-05-11','DBA','2020-05-11','DBA');
insert  into `t_role_func_privs`(`id`,`role_id`,`func_id`,`creation_date`,`creator`,`last_update_date`,`updator`) values (14999,'4','101','2020-05-11','DBA','2020-05-11','DBA');
insert  into `t_role_func_privs`(`id`,`role_id`,`func_id`,`creation_date`,`creator`,`last_update_date`,`updator`) values (15000,'4','102','2020-05-11','DBA','2020-05-11','DBA');
insert  into `t_role_func_privs`(`id`,`role_id`,`func_id`,`creation_date`,`creator`,`last_update_date`,`updator`) values (15001,'4','103','2020-05-11','DBA','2020-05-11','DBA');
insert  into `t_role_func_privs`(`id`,`role_id`,`func_id`,`creation_date`,`creator`,`last_update_date`,`updator`) values (15002,'4','104','2020-05-11','DBA','2020-05-11','DBA');
insert  into `t_role_func_privs`(`id`,`role_id`,`func_id`,`creation_date`,`creator`,`last_update_date`,`updator`) values (15003,'4','105','2020-05-11','DBA','2020-05-11','DBA');
insert  into `t_role_func_privs`(`id`,`role_id`,`func_id`,`creation_date`,`creator`,`last_update_date`,`updator`) values (15004,'4','106','2020-05-11','DBA','2020-05-11','DBA');
insert  into `t_role_func_privs`(`id`,`role_id`,`func_id`,`creation_date`,`creator`,`last_update_date`,`updator`) values (15005,'4','107','2020-05-11','DBA','2020-05-11','DBA');
insert  into `t_role_func_privs`(`id`,`role_id`,`func_id`,`creation_date`,`creator`,`last_update_date`,`updator`) values (15006,'4','108','2020-05-11','DBA','2020-05-11','DBA');
insert  into `t_role_func_privs`(`id`,`role_id`,`func_id`,`creation_date`,`creator`,`last_update_date`,`updator`) values (15007,'4','109','2020-05-11','DBA','2020-05-11','DBA');
insert  into `t_role_func_privs`(`id`,`role_id`,`func_id`,`creation_date`,`creator`,`last_update_date`,`updator`) values (15008,'4','110','2020-05-11','DBA','2020-05-11','DBA');
insert  into `t_role_func_privs`(`id`,`role_id`,`func_id`,`creation_date`,`creator`,`last_update_date`,`updator`) values (15009,'4','111','2020-05-11','DBA','2020-05-11','DBA');
insert  into `t_role_func_privs`(`id`,`role_id`,`func_id`,`creation_date`,`creator`,`last_update_date`,`updator`) values (15010,'4','112','2020-05-11','DBA','2020-05-11','DBA');
insert  into `t_role_func_privs`(`id`,`role_id`,`func_id`,`creation_date`,`creator`,`last_update_date`,`updator`) values (15011,'4','113','2020-05-11','DBA','2020-05-11','DBA');
insert  into `t_role_func_privs`(`id`,`role_id`,`func_id`,`creation_date`,`creator`,`last_update_date`,`updator`) values (15012,'4','114','2020-05-11','DBA','2020-05-11','DBA');
insert  into `t_role_func_privs`(`id`,`role_id`,`func_id`,`creation_date`,`creator`,`last_update_date`,`updator`) values (15013,'4','115','2020-05-11','DBA','2020-05-11','DBA');
insert  into `t_role_func_privs`(`id`,`role_id`,`func_id`,`creation_date`,`creator`,`last_update_date`,`updator`) values (15014,'4','116','2020-05-11','DBA','2020-05-11','DBA');
insert  into `t_role_func_privs`(`id`,`role_id`,`func_id`,`creation_date`,`creator`,`last_update_date`,`updator`) values (15015,'4','117','2020-05-11','DBA','2020-05-11','DBA');
insert  into `t_role_func_privs`(`id`,`role_id`,`func_id`,`creation_date`,`creator`,`last_update_date`,`updator`) values (15016,'4','118','2020-05-11','DBA','2020-05-11','DBA');
insert  into `t_role_func_privs`(`id`,`role_id`,`func_id`,`creation_date`,`creator`,`last_update_date`,`updator`) values (15017,'4','119','2020-05-11','DBA','2020-05-11','DBA');
insert  into `t_role_func_privs`(`id`,`role_id`,`func_id`,`creation_date`,`creator`,`last_update_date`,`updator`) values (15018,'4','120','2020-05-11','DBA','2020-05-11','DBA');
insert  into `t_role_func_privs`(`id`,`role_id`,`func_id`,`creation_date`,`creator`,`last_update_date`,`updator`) values (15019,'4','121','2020-05-11','DBA','2020-05-11','DBA');
insert  into `t_role_func_privs`(`id`,`role_id`,`func_id`,`creation_date`,`creator`,`last_update_date`,`updator`) values (15020,'4','122','2020-05-11','DBA','2020-05-11','DBA');
insert  into `t_role_func_privs`(`id`,`role_id`,`func_id`,`creation_date`,`creator`,`last_update_date`,`updator`) values (15021,'4','123','2020-05-11','DBA','2020-05-11','DBA');
insert  into `t_role_func_privs`(`id`,`role_id`,`func_id`,`creation_date`,`creator`,`last_update_date`,`updator`) values (15022,'4','142','2020-05-11','DBA','2020-05-11','DBA');
insert  into `t_role_func_privs`(`id`,`role_id`,`func_id`,`creation_date`,`creator`,`last_update_date`,`updator`) values (15023,'4','138','2020-05-11','DBA','2020-05-11','DBA');
insert  into `t_role_func_privs`(`id`,`role_id`,`func_id`,`creation_date`,`creator`,`last_update_date`,`updator`) values (15024,'4','140','2020-05-11','DBA','2020-05-11','DBA');
insert  into `t_role_func_privs`(`id`,`role_id`,`func_id`,`creation_date`,`creator`,`last_update_date`,`updator`) values (15025,'4','141','2020-05-11','DBA','2020-05-11','DBA');
insert  into `t_role_func_privs`(`id`,`role_id`,`func_id`,`creation_date`,`creator`,`last_update_date`,`updator`) values (15026,'4','136','2020-05-11','DBA','2020-05-11','DBA');
insert  into `t_role_func_privs`(`id`,`role_id`,`func_id`,`creation_date`,`creator`,`last_update_date`,`updator`) values (15027,'4','139','2020-05-11','DBA','2020-05-11','DBA');
insert  into `t_role_func_privs`(`id`,`role_id`,`func_id`,`creation_date`,`creator`,`last_update_date`,`updator`) values (15028,'4','7','2020-05-11','DBA','2020-05-11','DBA');
insert  into `t_role_func_privs`(`id`,`role_id`,`func_id`,`creation_date`,`creator`,`last_update_date`,`updator`) values (15029,'4','125','2020-05-11','DBA','2020-05-11','DBA');
insert  into `t_role_func_privs`(`id`,`role_id`,`func_id`,`creation_date`,`creator`,`last_update_date`,`updator`) values (15030,'4','126','2020-05-11','DBA','2020-05-11','DBA');
insert  into `t_role_func_privs`(`id`,`role_id`,`func_id`,`creation_date`,`creator`,`last_update_date`,`updator`) values (15031,'4','127','2020-05-11','DBA','2020-05-11','DBA');
insert  into `t_role_func_privs`(`id`,`role_id`,`func_id`,`creation_date`,`creator`,`last_update_date`,`updator`) values (15032,'4','128','2020-05-11','DBA','2020-05-11','DBA');
insert  into `t_role_func_privs`(`id`,`role_id`,`func_id`,`creation_date`,`creator`,`last_update_date`,`updator`) values (15033,'4','129','2020-05-11','DBA','2020-05-11','DBA');
insert  into `t_role_func_privs`(`id`,`role_id`,`func_id`,`creation_date`,`creator`,`last_update_date`,`updator`) values (15034,'4','130','2020-05-11','DBA','2020-05-11','DBA');
insert  into `t_role_func_privs`(`id`,`role_id`,`func_id`,`creation_date`,`creator`,`last_update_date`,`updator`) values (15035,'4','131','2020-05-11','DBA','2020-05-11','DBA');
insert  into `t_role_func_privs`(`id`,`role_id`,`func_id`,`creation_date`,`creator`,`last_update_date`,`updator`) values (15036,'4','132','2020-05-11','DBA','2020-05-11','DBA');
insert  into `t_role_func_privs`(`id`,`role_id`,`func_id`,`creation_date`,`creator`,`last_update_date`,`updator`) values (15037,'4','133','2020-05-11','DBA','2020-05-11','DBA');
insert  into `t_role_func_privs`(`id`,`role_id`,`func_id`,`creation_date`,`creator`,`last_update_date`,`updator`) values (15038,'4','134','2020-05-11','DBA','2020-05-11','DBA');
insert  into `t_role_func_privs`(`id`,`role_id`,`func_id`,`creation_date`,`creator`,`last_update_date`,`updator`) values (15039,'4','135','2020-05-11','DBA','2020-05-11','DBA');
insert  into `t_role_func_privs`(`id`,`role_id`,`func_id`,`creation_date`,`creator`,`last_update_date`,`updator`) values (15040,'4','143','2020-05-11','DBA','2020-05-11','DBA');
insert  into `t_role_func_privs`(`id`,`role_id`,`func_id`,`creation_date`,`creator`,`last_update_date`,`updator`) values (15041,'4','144','2020-05-11','DBA','2020-05-11','DBA');
insert  into `t_role_func_privs`(`id`,`role_id`,`func_id`,`creation_date`,`creator`,`last_update_date`,`updator`) values (15042,'4','145','2020-05-11','DBA','2020-05-11','DBA');
insert  into `t_role_func_privs`(`id`,`role_id`,`func_id`,`creation_date`,`creator`,`last_update_date`,`updator`) values (15043,'4','146','2020-05-11','DBA','2020-05-11','DBA');
insert  into `t_role_func_privs`(`id`,`role_id`,`func_id`,`creation_date`,`creator`,`last_update_date`,`updator`) values (15044,'4','147','2020-05-11','DBA','2020-05-11','DBA');
insert  into `t_role_func_privs`(`id`,`role_id`,`func_id`,`creation_date`,`creator`,`last_update_date`,`updator`) values (15045,'4','148','2020-05-11','DBA','2020-05-11','DBA');
insert  into `t_role_func_privs`(`id`,`role_id`,`func_id`,`creation_date`,`creator`,`last_update_date`,`updator`) values (15046,'4','149','2020-05-11','DBA','2020-05-11','DBA');
insert  into `t_role_func_privs`(`id`,`role_id`,`func_id`,`creation_date`,`creator`,`last_update_date`,`updator`) values (15047,'4','150','2020-05-11','DBA','2020-05-11','DBA');
insert  into `t_role_func_privs`(`id`,`role_id`,`func_id`,`creation_date`,`creator`,`last_update_date`,`updator`) values (15048,'4','151','2020-05-11','DBA','2020-05-11','DBA');
insert  into `t_role_func_privs`(`id`,`role_id`,`func_id`,`creation_date`,`creator`,`last_update_date`,`updator`) values (15049,'4','152','2020-05-11','DBA','2020-05-11','DBA');
insert  into `t_role_func_privs`(`id`,`role_id`,`func_id`,`creation_date`,`creator`,`last_update_date`,`updator`) values (15050,'4','153','2020-05-11','DBA','2020-05-11','DBA');
insert  into `t_role_func_privs`(`id`,`role_id`,`func_id`,`creation_date`,`creator`,`last_update_date`,`updator`) values (15051,'4','154','2020-05-11','DBA','2020-05-11','DBA');
insert  into `t_role_func_privs`(`id`,`role_id`,`func_id`,`creation_date`,`creator`,`last_update_date`,`updator`) values (15052,'4','155','2020-05-11','DBA','2020-05-11','DBA');
insert  into `t_role_func_privs`(`id`,`role_id`,`func_id`,`creation_date`,`creator`,`last_update_date`,`updator`) values (15053,'4','156','2020-05-11','DBA','2020-05-11','DBA');
insert  into `t_role_func_privs`(`id`,`role_id`,`func_id`,`creation_date`,`creator`,`last_update_date`,`updator`) values (15054,'4','157','2020-05-11','DBA','2020-05-11','DBA');
insert  into `t_role_func_privs`(`id`,`role_id`,`func_id`,`creation_date`,`creator`,`last_update_date`,`updator`) values (15055,'4','158','2020-05-11','DBA','2020-05-11','DBA');
insert  into `t_role_func_privs`(`id`,`role_id`,`func_id`,`creation_date`,`creator`,`last_update_date`,`updator`) values (15056,'4','159','2020-05-11','DBA','2020-05-11','DBA');
insert  into `t_role_func_privs`(`id`,`role_id`,`func_id`,`creation_date`,`creator`,`last_update_date`,`updator`) values (15057,'4','161','2020-05-11','DBA','2020-05-11','DBA');
insert  into `t_role_func_privs`(`id`,`role_id`,`func_id`,`creation_date`,`creator`,`last_update_date`,`updator`) values (15058,'4','160','2020-05-11','DBA','2020-05-11','DBA');
insert  into `t_role_func_privs`(`id`,`role_id`,`func_id`,`creation_date`,`creator`,`last_update_date`,`updator`) values (15059,'4','162','2020-05-11','DBA','2020-05-11','DBA');
insert  into `t_role_func_privs`(`id`,`role_id`,`func_id`,`creation_date`,`creator`,`last_update_date`,`updator`) values (15060,'4','163','2020-05-11','DBA','2020-05-11','DBA');
insert  into `t_role_func_privs`(`id`,`role_id`,`func_id`,`creation_date`,`creator`,`last_update_date`,`updator`) values (15061,'4','164','2020-05-11','DBA','2020-05-11','DBA');
insert  into `t_role_func_privs`(`id`,`role_id`,`func_id`,`creation_date`,`creator`,`last_update_date`,`updator`) values (15062,'4','165','2020-05-11','DBA','2020-05-11','DBA');
insert  into `t_role_func_privs`(`id`,`role_id`,`func_id`,`creation_date`,`creator`,`last_update_date`,`updator`) values (15063,'4','166','2020-05-11','DBA','2020-05-11','DBA');
insert  into `t_role_func_privs`(`id`,`role_id`,`func_id`,`creation_date`,`creator`,`last_update_date`,`updator`) values (15227,'12','1','2020-05-15','DBA','2020-05-15','DBA');
insert  into `t_role_func_privs`(`id`,`role_id`,`func_id`,`creation_date`,`creator`,`last_update_date`,`updator`) values (15228,'12','2','2020-05-15','DBA','2020-05-15','DBA');
insert  into `t_role_func_privs`(`id`,`role_id`,`func_id`,`creation_date`,`creator`,`last_update_date`,`updator`) values (15229,'12','3','2020-05-15','DBA','2020-05-15','DBA');
insert  into `t_role_func_privs`(`id`,`role_id`,`func_id`,`creation_date`,`creator`,`last_update_date`,`updator`) values (15230,'12','5','2020-05-15','DBA','2020-05-15','DBA');
insert  into `t_role_func_privs`(`id`,`role_id`,`func_id`,`creation_date`,`creator`,`last_update_date`,`updator`) values (15231,'12','6','2020-05-15','DBA','2020-05-15','DBA');
insert  into `t_role_func_privs`(`id`,`role_id`,`func_id`,`creation_date`,`creator`,`last_update_date`,`updator`) values (15232,'12','7','2020-05-15','DBA','2020-05-15','DBA');
insert  into `t_role_func_privs`(`id`,`role_id`,`func_id`,`creation_date`,`creator`,`last_update_date`,`updator`) values (15233,'12','8','2020-05-15','DBA','2020-05-15','DBA');
insert  into `t_role_func_privs`(`id`,`role_id`,`func_id`,`creation_date`,`creator`,`last_update_date`,`updator`) values (15234,'12','9','2020-05-15','DBA','2020-05-15','DBA');
insert  into `t_role_func_privs`(`id`,`role_id`,`func_id`,`creation_date`,`creator`,`last_update_date`,`updator`) values (15235,'12','10','2020-05-15','DBA','2020-05-15','DBA');
insert  into `t_role_func_privs`(`id`,`role_id`,`func_id`,`creation_date`,`creator`,`last_update_date`,`updator`) values (15236,'12','11','2020-05-15','DBA','2020-05-15','DBA');
insert  into `t_role_func_privs`(`id`,`role_id`,`func_id`,`creation_date`,`creator`,`last_update_date`,`updator`) values (15237,'12','12','2020-05-15','DBA','2020-05-15','DBA');
insert  into `t_role_func_privs`(`id`,`role_id`,`func_id`,`creation_date`,`creator`,`last_update_date`,`updator`) values (15238,'12','13','2020-05-15','DBA','2020-05-15','DBA');
insert  into `t_role_func_privs`(`id`,`role_id`,`func_id`,`creation_date`,`creator`,`last_update_date`,`updator`) values (15239,'12','14','2020-05-15','DBA','2020-05-15','DBA');
insert  into `t_role_func_privs`(`id`,`role_id`,`func_id`,`creation_date`,`creator`,`last_update_date`,`updator`) values (15240,'12','15','2020-05-15','DBA','2020-05-15','DBA');
insert  into `t_role_func_privs`(`id`,`role_id`,`func_id`,`creation_date`,`creator`,`last_update_date`,`updator`) values (15241,'12','16','2020-05-15','DBA','2020-05-15','DBA');
insert  into `t_role_func_privs`(`id`,`role_id`,`func_id`,`creation_date`,`creator`,`last_update_date`,`updator`) values (15242,'12','17','2020-05-15','DBA','2020-05-15','DBA');
insert  into `t_role_func_privs`(`id`,`role_id`,`func_id`,`creation_date`,`creator`,`last_update_date`,`updator`) values (15243,'12','18','2020-05-15','DBA','2020-05-15','DBA');
insert  into `t_role_func_privs`(`id`,`role_id`,`func_id`,`creation_date`,`creator`,`last_update_date`,`updator`) values (15244,'12','19','2020-05-15','DBA','2020-05-15','DBA');
insert  into `t_role_func_privs`(`id`,`role_id`,`func_id`,`creation_date`,`creator`,`last_update_date`,`updator`) values (15245,'12','20','2020-05-15','DBA','2020-05-15','DBA');
insert  into `t_role_func_privs`(`id`,`role_id`,`func_id`,`creation_date`,`creator`,`last_update_date`,`updator`) values (15246,'12','21','2020-05-15','DBA','2020-05-15','DBA');
insert  into `t_role_func_privs`(`id`,`role_id`,`func_id`,`creation_date`,`creator`,`last_update_date`,`updator`) values (15247,'12','22','2020-05-15','DBA','2020-05-15','DBA');
insert  into `t_role_func_privs`(`id`,`role_id`,`func_id`,`creation_date`,`creator`,`last_update_date`,`updator`) values (15248,'12','23','2020-05-15','DBA','2020-05-15','DBA');
insert  into `t_role_func_privs`(`id`,`role_id`,`func_id`,`creation_date`,`creator`,`last_update_date`,`updator`) values (15249,'12','24','2020-05-15','DBA','2020-05-15','DBA');
insert  into `t_role_func_privs`(`id`,`role_id`,`func_id`,`creation_date`,`creator`,`last_update_date`,`updator`) values (15250,'12','25','2020-05-15','DBA','2020-05-15','DBA');
insert  into `t_role_func_privs`(`id`,`role_id`,`func_id`,`creation_date`,`creator`,`last_update_date`,`updator`) values (15251,'12','26','2020-05-15','DBA','2020-05-15','DBA');
insert  into `t_role_func_privs`(`id`,`role_id`,`func_id`,`creation_date`,`creator`,`last_update_date`,`updator`) values (15252,'12','27','2020-05-15','DBA','2020-05-15','DBA');
insert  into `t_role_func_privs`(`id`,`role_id`,`func_id`,`creation_date`,`creator`,`last_update_date`,`updator`) values (15253,'12','28','2020-05-15','DBA','2020-05-15','DBA');
insert  into `t_role_func_privs`(`id`,`role_id`,`func_id`,`creation_date`,`creator`,`last_update_date`,`updator`) values (15254,'12','29','2020-05-15','DBA','2020-05-15','DBA');
insert  into `t_role_func_privs`(`id`,`role_id`,`func_id`,`creation_date`,`creator`,`last_update_date`,`updator`) values (15255,'12','30','2020-05-15','DBA','2020-05-15','DBA');
insert  into `t_role_func_privs`(`id`,`role_id`,`func_id`,`creation_date`,`creator`,`last_update_date`,`updator`) values (15256,'12','31','2020-05-15','DBA','2020-05-15','DBA');
insert  into `t_role_func_privs`(`id`,`role_id`,`func_id`,`creation_date`,`creator`,`last_update_date`,`updator`) values (15257,'12','32','2020-05-15','DBA','2020-05-15','DBA');
insert  into `t_role_func_privs`(`id`,`role_id`,`func_id`,`creation_date`,`creator`,`last_update_date`,`updator`) values (15258,'12','33','2020-05-15','DBA','2020-05-15','DBA');
insert  into `t_role_func_privs`(`id`,`role_id`,`func_id`,`creation_date`,`creator`,`last_update_date`,`updator`) values (15259,'12','34','2020-05-15','DBA','2020-05-15','DBA');
insert  into `t_role_func_privs`(`id`,`role_id`,`func_id`,`creation_date`,`creator`,`last_update_date`,`updator`) values (15260,'12','35','2020-05-15','DBA','2020-05-15','DBA');
insert  into `t_role_func_privs`(`id`,`role_id`,`func_id`,`creation_date`,`creator`,`last_update_date`,`updator`) values (15261,'12','36','2020-05-15','DBA','2020-05-15','DBA');
insert  into `t_role_func_privs`(`id`,`role_id`,`func_id`,`creation_date`,`creator`,`last_update_date`,`updator`) values (15262,'12','37','2020-05-15','DBA','2020-05-15','DBA');
insert  into `t_role_func_privs`(`id`,`role_id`,`func_id`,`creation_date`,`creator`,`last_update_date`,`updator`) values (15263,'12','38','2020-05-15','DBA','2020-05-15','DBA');
insert  into `t_role_func_privs`(`id`,`role_id`,`func_id`,`creation_date`,`creator`,`last_update_date`,`updator`) values (15264,'12','39','2020-05-15','DBA','2020-05-15','DBA');
insert  into `t_role_func_privs`(`id`,`role_id`,`func_id`,`creation_date`,`creator`,`last_update_date`,`updator`) values (15265,'12','40','2020-05-15','DBA','2020-05-15','DBA');
insert  into `t_role_func_privs`(`id`,`role_id`,`func_id`,`creation_date`,`creator`,`last_update_date`,`updator`) values (15266,'12','41','2020-05-15','DBA','2020-05-15','DBA');
insert  into `t_role_func_privs`(`id`,`role_id`,`func_id`,`creation_date`,`creator`,`last_update_date`,`updator`) values (15267,'12','42','2020-05-15','DBA','2020-05-15','DBA');
insert  into `t_role_func_privs`(`id`,`role_id`,`func_id`,`creation_date`,`creator`,`last_update_date`,`updator`) values (15268,'12','43','2020-05-15','DBA','2020-05-15','DBA');
insert  into `t_role_func_privs`(`id`,`role_id`,`func_id`,`creation_date`,`creator`,`last_update_date`,`updator`) values (15269,'12','44','2020-05-15','DBA','2020-05-15','DBA');
insert  into `t_role_func_privs`(`id`,`role_id`,`func_id`,`creation_date`,`creator`,`last_update_date`,`updator`) values (15270,'12','45','2020-05-15','DBA','2020-05-15','DBA');
insert  into `t_role_func_privs`(`id`,`role_id`,`func_id`,`creation_date`,`creator`,`last_update_date`,`updator`) values (15271,'12','46','2020-05-15','DBA','2020-05-15','DBA');
insert  into `t_role_func_privs`(`id`,`role_id`,`func_id`,`creation_date`,`creator`,`last_update_date`,`updator`) values (15272,'12','47','2020-05-15','DBA','2020-05-15','DBA');
insert  into `t_role_func_privs`(`id`,`role_id`,`func_id`,`creation_date`,`creator`,`last_update_date`,`updator`) values (15273,'12','48','2020-05-15','DBA','2020-05-15','DBA');
insert  into `t_role_func_privs`(`id`,`role_id`,`func_id`,`creation_date`,`creator`,`last_update_date`,`updator`) values (15274,'12','49','2020-05-15','DBA','2020-05-15','DBA');
insert  into `t_role_func_privs`(`id`,`role_id`,`func_id`,`creation_date`,`creator`,`last_update_date`,`updator`) values (15275,'12','50','2020-05-15','DBA','2020-05-15','DBA');
insert  into `t_role_func_privs`(`id`,`role_id`,`func_id`,`creation_date`,`creator`,`last_update_date`,`updator`) values (15276,'12','51','2020-05-15','DBA','2020-05-15','DBA');
insert  into `t_role_func_privs`(`id`,`role_id`,`func_id`,`creation_date`,`creator`,`last_update_date`,`updator`) values (15277,'12','52','2020-05-15','DBA','2020-05-15','DBA');
insert  into `t_role_func_privs`(`id`,`role_id`,`func_id`,`creation_date`,`creator`,`last_update_date`,`updator`) values (15278,'12','53','2020-05-15','DBA','2020-05-15','DBA');
insert  into `t_role_func_privs`(`id`,`role_id`,`func_id`,`creation_date`,`creator`,`last_update_date`,`updator`) values (15279,'12','54','2020-05-15','DBA','2020-05-15','DBA');
insert  into `t_role_func_privs`(`id`,`role_id`,`func_id`,`creation_date`,`creator`,`last_update_date`,`updator`) values (15280,'12','55','2020-05-15','DBA','2020-05-15','DBA');
insert  into `t_role_func_privs`(`id`,`role_id`,`func_id`,`creation_date`,`creator`,`last_update_date`,`updator`) values (15281,'12','56','2020-05-15','DBA','2020-05-15','DBA');
insert  into `t_role_func_privs`(`id`,`role_id`,`func_id`,`creation_date`,`creator`,`last_update_date`,`updator`) values (15282,'12','57','2020-05-15','DBA','2020-05-15','DBA');
insert  into `t_role_func_privs`(`id`,`role_id`,`func_id`,`creation_date`,`creator`,`last_update_date`,`updator`) values (15283,'12','58','2020-05-15','DBA','2020-05-15','DBA');
insert  into `t_role_func_privs`(`id`,`role_id`,`func_id`,`creation_date`,`creator`,`last_update_date`,`updator`) values (15284,'12','59','2020-05-15','DBA','2020-05-15','DBA');
insert  into `t_role_func_privs`(`id`,`role_id`,`func_id`,`creation_date`,`creator`,`last_update_date`,`updator`) values (15285,'12','60','2020-05-15','DBA','2020-05-15','DBA');
insert  into `t_role_func_privs`(`id`,`role_id`,`func_id`,`creation_date`,`creator`,`last_update_date`,`updator`) values (15286,'12','61','2020-05-15','DBA','2020-05-15','DBA');
insert  into `t_role_func_privs`(`id`,`role_id`,`func_id`,`creation_date`,`creator`,`last_update_date`,`updator`) values (15287,'12','62','2020-05-15','DBA','2020-05-15','DBA');
insert  into `t_role_func_privs`(`id`,`role_id`,`func_id`,`creation_date`,`creator`,`last_update_date`,`updator`) values (15288,'12','63','2020-05-15','DBA','2020-05-15','DBA');
insert  into `t_role_func_privs`(`id`,`role_id`,`func_id`,`creation_date`,`creator`,`last_update_date`,`updator`) values (15289,'12','64','2020-05-15','DBA','2020-05-15','DBA');
insert  into `t_role_func_privs`(`id`,`role_id`,`func_id`,`creation_date`,`creator`,`last_update_date`,`updator`) values (15290,'12','65','2020-05-15','DBA','2020-05-15','DBA');
insert  into `t_role_func_privs`(`id`,`role_id`,`func_id`,`creation_date`,`creator`,`last_update_date`,`updator`) values (15291,'12','66','2020-05-15','DBA','2020-05-15','DBA');
insert  into `t_role_func_privs`(`id`,`role_id`,`func_id`,`creation_date`,`creator`,`last_update_date`,`updator`) values (15292,'12','67','2020-05-15','DBA','2020-05-15','DBA');
insert  into `t_role_func_privs`(`id`,`role_id`,`func_id`,`creation_date`,`creator`,`last_update_date`,`updator`) values (15293,'12','68','2020-05-15','DBA','2020-05-15','DBA');
insert  into `t_role_func_privs`(`id`,`role_id`,`func_id`,`creation_date`,`creator`,`last_update_date`,`updator`) values (15294,'12','69','2020-05-15','DBA','2020-05-15','DBA');
insert  into `t_role_func_privs`(`id`,`role_id`,`func_id`,`creation_date`,`creator`,`last_update_date`,`updator`) values (15295,'12','70','2020-05-15','DBA','2020-05-15','DBA');
insert  into `t_role_func_privs`(`id`,`role_id`,`func_id`,`creation_date`,`creator`,`last_update_date`,`updator`) values (15296,'12','71','2020-05-15','DBA','2020-05-15','DBA');
insert  into `t_role_func_privs`(`id`,`role_id`,`func_id`,`creation_date`,`creator`,`last_update_date`,`updator`) values (15297,'12','72','2020-05-15','DBA','2020-05-15','DBA');
insert  into `t_role_func_privs`(`id`,`role_id`,`func_id`,`creation_date`,`creator`,`last_update_date`,`updator`) values (15298,'12','73','2020-05-15','DBA','2020-05-15','DBA');
insert  into `t_role_func_privs`(`id`,`role_id`,`func_id`,`creation_date`,`creator`,`last_update_date`,`updator`) values (15299,'12','74','2020-05-15','DBA','2020-05-15','DBA');
insert  into `t_role_func_privs`(`id`,`role_id`,`func_id`,`creation_date`,`creator`,`last_update_date`,`updator`) values (15300,'12','75','2020-05-15','DBA','2020-05-15','DBA');
insert  into `t_role_func_privs`(`id`,`role_id`,`func_id`,`creation_date`,`creator`,`last_update_date`,`updator`) values (15301,'12','76','2020-05-15','DBA','2020-05-15','DBA');
insert  into `t_role_func_privs`(`id`,`role_id`,`func_id`,`creation_date`,`creator`,`last_update_date`,`updator`) values (15302,'12','77','2020-05-15','DBA','2020-05-15','DBA');
insert  into `t_role_func_privs`(`id`,`role_id`,`func_id`,`creation_date`,`creator`,`last_update_date`,`updator`) values (15303,'12','78','2020-05-15','DBA','2020-05-15','DBA');
insert  into `t_role_func_privs`(`id`,`role_id`,`func_id`,`creation_date`,`creator`,`last_update_date`,`updator`) values (15304,'12','79','2020-05-15','DBA','2020-05-15','DBA');
insert  into `t_role_func_privs`(`id`,`role_id`,`func_id`,`creation_date`,`creator`,`last_update_date`,`updator`) values (15305,'12','80','2020-05-15','DBA','2020-05-15','DBA');
insert  into `t_role_func_privs`(`id`,`role_id`,`func_id`,`creation_date`,`creator`,`last_update_date`,`updator`) values (15306,'12','81','2020-05-15','DBA','2020-05-15','DBA');
insert  into `t_role_func_privs`(`id`,`role_id`,`func_id`,`creation_date`,`creator`,`last_update_date`,`updator`) values (15307,'12','82','2020-05-15','DBA','2020-05-15','DBA');
insert  into `t_role_func_privs`(`id`,`role_id`,`func_id`,`creation_date`,`creator`,`last_update_date`,`updator`) values (15308,'12','83','2020-05-15','DBA','2020-05-15','DBA');
insert  into `t_role_func_privs`(`id`,`role_id`,`func_id`,`creation_date`,`creator`,`last_update_date`,`updator`) values (15309,'12','84','2020-05-15','DBA','2020-05-15','DBA');
insert  into `t_role_func_privs`(`id`,`role_id`,`func_id`,`creation_date`,`creator`,`last_update_date`,`updator`) values (15310,'12','85','2020-05-15','DBA','2020-05-15','DBA');
insert  into `t_role_func_privs`(`id`,`role_id`,`func_id`,`creation_date`,`creator`,`last_update_date`,`updator`) values (15311,'12','86','2020-05-15','DBA','2020-05-15','DBA');
insert  into `t_role_func_privs`(`id`,`role_id`,`func_id`,`creation_date`,`creator`,`last_update_date`,`updator`) values (15312,'12','87','2020-05-15','DBA','2020-05-15','DBA');
insert  into `t_role_func_privs`(`id`,`role_id`,`func_id`,`creation_date`,`creator`,`last_update_date`,`updator`) values (15313,'12','88','2020-05-15','DBA','2020-05-15','DBA');
insert  into `t_role_func_privs`(`id`,`role_id`,`func_id`,`creation_date`,`creator`,`last_update_date`,`updator`) values (15314,'12','89','2020-05-15','DBA','2020-05-15','DBA');
insert  into `t_role_func_privs`(`id`,`role_id`,`func_id`,`creation_date`,`creator`,`last_update_date`,`updator`) values (15315,'12','91','2020-05-15','DBA','2020-05-15','DBA');
insert  into `t_role_func_privs`(`id`,`role_id`,`func_id`,`creation_date`,`creator`,`last_update_date`,`updator`) values (15316,'12','92','2020-05-15','DBA','2020-05-15','DBA');
insert  into `t_role_func_privs`(`id`,`role_id`,`func_id`,`creation_date`,`creator`,`last_update_date`,`updator`) values (15317,'12','93','2020-05-15','DBA','2020-05-15','DBA');
insert  into `t_role_func_privs`(`id`,`role_id`,`func_id`,`creation_date`,`creator`,`last_update_date`,`updator`) values (15318,'12','94','2020-05-15','DBA','2020-05-15','DBA');
insert  into `t_role_func_privs`(`id`,`role_id`,`func_id`,`creation_date`,`creator`,`last_update_date`,`updator`) values (15319,'12','95','2020-05-15','DBA','2020-05-15','DBA');
insert  into `t_role_func_privs`(`id`,`role_id`,`func_id`,`creation_date`,`creator`,`last_update_date`,`updator`) values (15320,'12','96','2020-05-15','DBA','2020-05-15','DBA');
insert  into `t_role_func_privs`(`id`,`role_id`,`func_id`,`creation_date`,`creator`,`last_update_date`,`updator`) values (15321,'12','97','2020-05-15','DBA','2020-05-15','DBA');
insert  into `t_role_func_privs`(`id`,`role_id`,`func_id`,`creation_date`,`creator`,`last_update_date`,`updator`) values (15322,'12','98','2020-05-15','DBA','2020-05-15','DBA');
insert  into `t_role_func_privs`(`id`,`role_id`,`func_id`,`creation_date`,`creator`,`last_update_date`,`updator`) values (15323,'12','99','2020-05-15','DBA','2020-05-15','DBA');
insert  into `t_role_func_privs`(`id`,`role_id`,`func_id`,`creation_date`,`creator`,`last_update_date`,`updator`) values (15324,'12','100','2020-05-15','DBA','2020-05-15','DBA');
insert  into `t_role_func_privs`(`id`,`role_id`,`func_id`,`creation_date`,`creator`,`last_update_date`,`updator`) values (15325,'12','101','2020-05-15','DBA','2020-05-15','DBA');
insert  into `t_role_func_privs`(`id`,`role_id`,`func_id`,`creation_date`,`creator`,`last_update_date`,`updator`) values (15326,'12','102','2020-05-15','DBA','2020-05-15','DBA');
insert  into `t_role_func_privs`(`id`,`role_id`,`func_id`,`creation_date`,`creator`,`last_update_date`,`updator`) values (15327,'12','103','2020-05-15','DBA','2020-05-15','DBA');
insert  into `t_role_func_privs`(`id`,`role_id`,`func_id`,`creation_date`,`creator`,`last_update_date`,`updator`) values (15328,'12','104','2020-05-15','DBA','2020-05-15','DBA');
insert  into `t_role_func_privs`(`id`,`role_id`,`func_id`,`creation_date`,`creator`,`last_update_date`,`updator`) values (15329,'12','105','2020-05-15','DBA','2020-05-15','DBA');
insert  into `t_role_func_privs`(`id`,`role_id`,`func_id`,`creation_date`,`creator`,`last_update_date`,`updator`) values (15330,'12','106','2020-05-15','DBA','2020-05-15','DBA');
insert  into `t_role_func_privs`(`id`,`role_id`,`func_id`,`creation_date`,`creator`,`last_update_date`,`updator`) values (15331,'12','107','2020-05-15','DBA','2020-05-15','DBA');
insert  into `t_role_func_privs`(`id`,`role_id`,`func_id`,`creation_date`,`creator`,`last_update_date`,`updator`) values (15332,'12','108','2020-05-15','DBA','2020-05-15','DBA');
insert  into `t_role_func_privs`(`id`,`role_id`,`func_id`,`creation_date`,`creator`,`last_update_date`,`updator`) values (15333,'12','109','2020-05-15','DBA','2020-05-15','DBA');
insert  into `t_role_func_privs`(`id`,`role_id`,`func_id`,`creation_date`,`creator`,`last_update_date`,`updator`) values (15334,'12','110','2020-05-15','DBA','2020-05-15','DBA');
insert  into `t_role_func_privs`(`id`,`role_id`,`func_id`,`creation_date`,`creator`,`last_update_date`,`updator`) values (15335,'12','111','2020-05-15','DBA','2020-05-15','DBA');
insert  into `t_role_func_privs`(`id`,`role_id`,`func_id`,`creation_date`,`creator`,`last_update_date`,`updator`) values (15336,'12','112','2020-05-15','DBA','2020-05-15','DBA');
insert  into `t_role_func_privs`(`id`,`role_id`,`func_id`,`creation_date`,`creator`,`last_update_date`,`updator`) values (15337,'12','113','2020-05-15','DBA','2020-05-15','DBA');
insert  into `t_role_func_privs`(`id`,`role_id`,`func_id`,`creation_date`,`creator`,`last_update_date`,`updator`) values (15338,'12','114','2020-05-15','DBA','2020-05-15','DBA');
insert  into `t_role_func_privs`(`id`,`role_id`,`func_id`,`creation_date`,`creator`,`last_update_date`,`updator`) values (15339,'12','115','2020-05-15','DBA','2020-05-15','DBA');
insert  into `t_role_func_privs`(`id`,`role_id`,`func_id`,`creation_date`,`creator`,`last_update_date`,`updator`) values (15340,'12','116','2020-05-15','DBA','2020-05-15','DBA');
insert  into `t_role_func_privs`(`id`,`role_id`,`func_id`,`creation_date`,`creator`,`last_update_date`,`updator`) values (15341,'12','117','2020-05-15','DBA','2020-05-15','DBA');
insert  into `t_role_func_privs`(`id`,`role_id`,`func_id`,`creation_date`,`creator`,`last_update_date`,`updator`) values (15342,'12','118','2020-05-15','DBA','2020-05-15','DBA');
insert  into `t_role_func_privs`(`id`,`role_id`,`func_id`,`creation_date`,`creator`,`last_update_date`,`updator`) values (15343,'12','119','2020-05-15','DBA','2020-05-15','DBA');
insert  into `t_role_func_privs`(`id`,`role_id`,`func_id`,`creation_date`,`creator`,`last_update_date`,`updator`) values (15344,'12','120','2020-05-15','DBA','2020-05-15','DBA');
insert  into `t_role_func_privs`(`id`,`role_id`,`func_id`,`creation_date`,`creator`,`last_update_date`,`updator`) values (15345,'12','121','2020-05-15','DBA','2020-05-15','DBA');
insert  into `t_role_func_privs`(`id`,`role_id`,`func_id`,`creation_date`,`creator`,`last_update_date`,`updator`) values (15346,'12','122','2020-05-15','DBA','2020-05-15','DBA');
insert  into `t_role_func_privs`(`id`,`role_id`,`func_id`,`creation_date`,`creator`,`last_update_date`,`updator`) values (15347,'12','123','2020-05-15','DBA','2020-05-15','DBA');
insert  into `t_role_func_privs`(`id`,`role_id`,`func_id`,`creation_date`,`creator`,`last_update_date`,`updator`) values (15348,'12','125','2020-05-15','DBA','2020-05-15','DBA');
insert  into `t_role_func_privs`(`id`,`role_id`,`func_id`,`creation_date`,`creator`,`last_update_date`,`updator`) values (15349,'12','126','2020-05-15','DBA','2020-05-15','DBA');
insert  into `t_role_func_privs`(`id`,`role_id`,`func_id`,`creation_date`,`creator`,`last_update_date`,`updator`) values (15350,'12','127','2020-05-15','DBA','2020-05-15','DBA');
insert  into `t_role_func_privs`(`id`,`role_id`,`func_id`,`creation_date`,`creator`,`last_update_date`,`updator`) values (15351,'12','128','2020-05-15','DBA','2020-05-15','DBA');
insert  into `t_role_func_privs`(`id`,`role_id`,`func_id`,`creation_date`,`creator`,`last_update_date`,`updator`) values (15352,'12','129','2020-05-15','DBA','2020-05-15','DBA');
insert  into `t_role_func_privs`(`id`,`role_id`,`func_id`,`creation_date`,`creator`,`last_update_date`,`updator`) values (15353,'12','130','2020-05-15','DBA','2020-05-15','DBA');
insert  into `t_role_func_privs`(`id`,`role_id`,`func_id`,`creation_date`,`creator`,`last_update_date`,`updator`) values (15354,'12','131','2020-05-15','DBA','2020-05-15','DBA');
insert  into `t_role_func_privs`(`id`,`role_id`,`func_id`,`creation_date`,`creator`,`last_update_date`,`updator`) values (15355,'12','132','2020-05-15','DBA','2020-05-15','DBA');
insert  into `t_role_func_privs`(`id`,`role_id`,`func_id`,`creation_date`,`creator`,`last_update_date`,`updator`) values (15356,'12','133','2020-05-15','DBA','2020-05-15','DBA');
insert  into `t_role_func_privs`(`id`,`role_id`,`func_id`,`creation_date`,`creator`,`last_update_date`,`updator`) values (15357,'12','134','2020-05-15','DBA','2020-05-15','DBA');
insert  into `t_role_func_privs`(`id`,`role_id`,`func_id`,`creation_date`,`creator`,`last_update_date`,`updator`) values (15358,'12','135','2020-05-15','DBA','2020-05-15','DBA');
insert  into `t_role_func_privs`(`id`,`role_id`,`func_id`,`creation_date`,`creator`,`last_update_date`,`updator`) values (15359,'12','136','2020-05-15','DBA','2020-05-15','DBA');
insert  into `t_role_func_privs`(`id`,`role_id`,`func_id`,`creation_date`,`creator`,`last_update_date`,`updator`) values (15360,'12','138','2020-05-15','DBA','2020-05-15','DBA');
insert  into `t_role_func_privs`(`id`,`role_id`,`func_id`,`creation_date`,`creator`,`last_update_date`,`updator`) values (15361,'12','139','2020-05-15','DBA','2020-05-15','DBA');
insert  into `t_role_func_privs`(`id`,`role_id`,`func_id`,`creation_date`,`creator`,`last_update_date`,`updator`) values (15362,'12','140','2020-05-15','DBA','2020-05-15','DBA');
insert  into `t_role_func_privs`(`id`,`role_id`,`func_id`,`creation_date`,`creator`,`last_update_date`,`updator`) values (15363,'12','141','2020-05-15','DBA','2020-05-15','DBA');
insert  into `t_role_func_privs`(`id`,`role_id`,`func_id`,`creation_date`,`creator`,`last_update_date`,`updator`) values (15364,'12','142','2020-05-15','DBA','2020-05-15','DBA');
insert  into `t_role_func_privs`(`id`,`role_id`,`func_id`,`creation_date`,`creator`,`last_update_date`,`updator`) values (15365,'12','143','2020-05-15','DBA','2020-05-15','DBA');
insert  into `t_role_func_privs`(`id`,`role_id`,`func_id`,`creation_date`,`creator`,`last_update_date`,`updator`) values (15366,'12','144','2020-05-15','DBA','2020-05-15','DBA');
insert  into `t_role_func_privs`(`id`,`role_id`,`func_id`,`creation_date`,`creator`,`last_update_date`,`updator`) values (15367,'12','145','2020-05-15','DBA','2020-05-15','DBA');
insert  into `t_role_func_privs`(`id`,`role_id`,`func_id`,`creation_date`,`creator`,`last_update_date`,`updator`) values (15368,'12','146','2020-05-15','DBA','2020-05-15','DBA');
insert  into `t_role_func_privs`(`id`,`role_id`,`func_id`,`creation_date`,`creator`,`last_update_date`,`updator`) values (15369,'12','147','2020-05-15','DBA','2020-05-15','DBA');
insert  into `t_role_func_privs`(`id`,`role_id`,`func_id`,`creation_date`,`creator`,`last_update_date`,`updator`) values (15370,'12','148','2020-05-15','DBA','2020-05-15','DBA');
insert  into `t_role_func_privs`(`id`,`role_id`,`func_id`,`creation_date`,`creator`,`last_update_date`,`updator`) values (15371,'12','149','2020-05-15','DBA','2020-05-15','DBA');
insert  into `t_role_func_privs`(`id`,`role_id`,`func_id`,`creation_date`,`creator`,`last_update_date`,`updator`) values (15372,'12','150','2020-05-15','DBA','2020-05-15','DBA');
insert  into `t_role_func_privs`(`id`,`role_id`,`func_id`,`creation_date`,`creator`,`last_update_date`,`updator`) values (15373,'12','151','2020-05-15','DBA','2020-05-15','DBA');
insert  into `t_role_func_privs`(`id`,`role_id`,`func_id`,`creation_date`,`creator`,`last_update_date`,`updator`) values (15374,'12','152','2020-05-15','DBA','2020-05-15','DBA');
insert  into `t_role_func_privs`(`id`,`role_id`,`func_id`,`creation_date`,`creator`,`last_update_date`,`updator`) values (15375,'12','153','2020-05-15','DBA','2020-05-15','DBA');
insert  into `t_role_func_privs`(`id`,`role_id`,`func_id`,`creation_date`,`creator`,`last_update_date`,`updator`) values (15376,'12','154','2020-05-15','DBA','2020-05-15','DBA');
insert  into `t_role_func_privs`(`id`,`role_id`,`func_id`,`creation_date`,`creator`,`last_update_date`,`updator`) values (15377,'12','155','2020-05-15','DBA','2020-05-15','DBA');
insert  into `t_role_func_privs`(`id`,`role_id`,`func_id`,`creation_date`,`creator`,`last_update_date`,`updator`) values (15378,'12','156','2020-05-15','DBA','2020-05-15','DBA');
insert  into `t_role_func_privs`(`id`,`role_id`,`func_id`,`creation_date`,`creator`,`last_update_date`,`updator`) values (15379,'12','157','2020-05-15','DBA','2020-05-15','DBA');
insert  into `t_role_func_privs`(`id`,`role_id`,`func_id`,`creation_date`,`creator`,`last_update_date`,`updator`) values (15380,'12','158','2020-05-15','DBA','2020-05-15','DBA');
insert  into `t_role_func_privs`(`id`,`role_id`,`func_id`,`creation_date`,`creator`,`last_update_date`,`updator`) values (15381,'12','159','2020-05-15','DBA','2020-05-15','DBA');
insert  into `t_role_func_privs`(`id`,`role_id`,`func_id`,`creation_date`,`creator`,`last_update_date`,`updator`) values (15382,'12','160','2020-05-15','DBA','2020-05-15','DBA');
insert  into `t_role_func_privs`(`id`,`role_id`,`func_id`,`creation_date`,`creator`,`last_update_date`,`updator`) values (15383,'12','161','2020-05-15','DBA','2020-05-15','DBA');
insert  into `t_role_func_privs`(`id`,`role_id`,`func_id`,`creation_date`,`creator`,`last_update_date`,`updator`) values (15384,'12','162','2020-05-15','DBA','2020-05-15','DBA');
insert  into `t_role_func_privs`(`id`,`role_id`,`func_id`,`creation_date`,`creator`,`last_update_date`,`updator`) values (15385,'12','163','2020-05-15','DBA','2020-05-15','DBA');
insert  into `t_role_func_privs`(`id`,`role_id`,`func_id`,`creation_date`,`creator`,`last_update_date`,`updator`) values (15386,'12','164','2020-05-15','DBA','2020-05-15','DBA');
insert  into `t_role_func_privs`(`id`,`role_id`,`func_id`,`creation_date`,`creator`,`last_update_date`,`updator`) values (15387,'12','165','2020-05-15','DBA','2020-05-15','DBA');
insert  into `t_role_func_privs`(`id`,`role_id`,`func_id`,`creation_date`,`creator`,`last_update_date`,`updator`) values (15388,'12','166','2020-05-15','DBA','2020-05-15','DBA');
insert  into `t_role_func_privs`(`id`,`role_id`,`func_id`,`creation_date`,`creator`,`last_update_date`,`updator`) values (15389,'12','167','2020-05-15','DBA','2020-05-15','DBA');
insert  into `t_role_func_privs`(`id`,`role_id`,`func_id`,`creation_date`,`creator`,`last_update_date`,`updator`) values (15390,'7','1','2020-06-30','DBA','2020-06-30','DBA');
insert  into `t_role_func_privs`(`id`,`role_id`,`func_id`,`creation_date`,`creator`,`last_update_date`,`updator`) values (15391,'7','11','2020-06-30','DBA','2020-06-30','DBA');
insert  into `t_role_func_privs`(`id`,`role_id`,`func_id`,`creation_date`,`creator`,`last_update_date`,`updator`) values (15392,'7','17','2020-06-30','DBA','2020-06-30','DBA');
insert  into `t_role_func_privs`(`id`,`role_id`,`func_id`,`creation_date`,`creator`,`last_update_date`,`updator`) values (15393,'7','22','2020-06-30','DBA','2020-06-30','DBA');
insert  into `t_role_func_privs`(`id`,`role_id`,`func_id`,`creation_date`,`creator`,`last_update_date`,`updator`) values (15394,'7','30','2020-06-30','DBA','2020-06-30','DBA');
insert  into `t_role_func_privs`(`id`,`role_id`,`func_id`,`creation_date`,`creator`,`last_update_date`,`updator`) values (15395,'7','70','2020-06-30','DBA','2020-06-30','DBA');
insert  into `t_role_func_privs`(`id`,`role_id`,`func_id`,`creation_date`,`creator`,`last_update_date`,`updator`) values (15396,'7','71','2020-06-30','DBA','2020-06-30','DBA');
insert  into `t_role_func_privs`(`id`,`role_id`,`func_id`,`creation_date`,`creator`,`last_update_date`,`updator`) values (15397,'7','72','2020-06-30','DBA','2020-06-30','DBA');
insert  into `t_role_func_privs`(`id`,`role_id`,`func_id`,`creation_date`,`creator`,`last_update_date`,`updator`) values (15398,'7','73','2020-06-30','DBA','2020-06-30','DBA');
insert  into `t_role_func_privs`(`id`,`role_id`,`func_id`,`creation_date`,`creator`,`last_update_date`,`updator`) values (15399,'7','83','2020-06-30','DBA','2020-06-30','DBA');
insert  into `t_role_func_privs`(`id`,`role_id`,`func_id`,`creation_date`,`creator`,`last_update_date`,`updator`) values (15400,'7','84','2020-06-30','DBA','2020-06-30','DBA');
insert  into `t_role_func_privs`(`id`,`role_id`,`func_id`,`creation_date`,`creator`,`last_update_date`,`updator`) values (15401,'7','85','2020-06-30','DBA','2020-06-30','DBA');
insert  into `t_role_func_privs`(`id`,`role_id`,`func_id`,`creation_date`,`creator`,`last_update_date`,`updator`) values (15402,'7','86','2020-06-30','DBA','2020-06-30','DBA');
insert  into `t_role_func_privs`(`id`,`role_id`,`func_id`,`creation_date`,`creator`,`last_update_date`,`updator`) values (15403,'7','87','2020-06-30','DBA','2020-06-30','DBA');
insert  into `t_role_func_privs`(`id`,`role_id`,`func_id`,`creation_date`,`creator`,`last_update_date`,`updator`) values (15404,'7','88','2020-06-30','DBA','2020-06-30','DBA');
insert  into `t_role_func_privs`(`id`,`role_id`,`func_id`,`creation_date`,`creator`,`last_update_date`,`updator`) values (15405,'7','91','2020-06-30','DBA','2020-06-30','DBA');
insert  into `t_role_func_privs`(`id`,`role_id`,`func_id`,`creation_date`,`creator`,`last_update_date`,`updator`) values (15406,'7','92','2020-06-30','DBA','2020-06-30','DBA');
insert  into `t_role_func_privs`(`id`,`role_id`,`func_id`,`creation_date`,`creator`,`last_update_date`,`updator`) values (15407,'7','93','2020-06-30','DBA','2020-06-30','DBA');
insert  into `t_role_func_privs`(`id`,`role_id`,`func_id`,`creation_date`,`creator`,`last_update_date`,`updator`) values (15408,'7','94','2020-06-30','DBA','2020-06-30','DBA');
insert  into `t_role_func_privs`(`id`,`role_id`,`func_id`,`creation_date`,`creator`,`last_update_date`,`updator`) values (15409,'7','95','2020-06-30','DBA','2020-06-30','DBA');
insert  into `t_role_func_privs`(`id`,`role_id`,`func_id`,`creation_date`,`creator`,`last_update_date`,`updator`) values (15410,'7','97','2020-06-30','DBA','2020-06-30','DBA');
insert  into `t_role_func_privs`(`id`,`role_id`,`func_id`,`creation_date`,`creator`,`last_update_date`,`updator`) values (15411,'7','100','2020-06-30','DBA','2020-06-30','DBA');
insert  into `t_role_func_privs`(`id`,`role_id`,`func_id`,`creation_date`,`creator`,`last_update_date`,`updator`) values (15412,'7','101','2020-06-30','DBA','2020-06-30','DBA');
insert  into `t_role_func_privs`(`id`,`role_id`,`func_id`,`creation_date`,`creator`,`last_update_date`,`updator`) values (15413,'7','102','2020-06-30','DBA','2020-06-30','DBA');
insert  into `t_role_func_privs`(`id`,`role_id`,`func_id`,`creation_date`,`creator`,`last_update_date`,`updator`) values (15414,'7','104','2020-06-30','DBA','2020-06-30','DBA');
insert  into `t_role_func_privs`(`id`,`role_id`,`func_id`,`creation_date`,`creator`,`last_update_date`,`updator`) values (15415,'7','105','2020-06-30','DBA','2020-06-30','DBA');
insert  into `t_role_func_privs`(`id`,`role_id`,`func_id`,`creation_date`,`creator`,`last_update_date`,`updator`) values (15416,'7','107','2020-06-30','DBA','2020-06-30','DBA');
insert  into `t_role_func_privs`(`id`,`role_id`,`func_id`,`creation_date`,`creator`,`last_update_date`,`updator`) values (15417,'7','138','2020-06-30','DBA','2020-06-30','DBA');
insert  into `t_role_func_privs`(`id`,`role_id`,`func_id`,`creation_date`,`creator`,`last_update_date`,`updator`) values (15418,'7','136','2020-06-30','DBA','2020-06-30','DBA');
insert  into `t_role_func_privs`(`id`,`role_id`,`func_id`,`creation_date`,`creator`,`last_update_date`,`updator`) values (15419,'7','139','2020-06-30','DBA','2020-06-30','DBA');
insert  into `t_role_func_privs`(`id`,`role_id`,`func_id`,`creation_date`,`creator`,`last_update_date`,`updator`) values (15420,'7','140','2020-06-30','DBA','2020-06-30','DBA');
insert  into `t_role_func_privs`(`id`,`role_id`,`func_id`,`creation_date`,`creator`,`last_update_date`,`updator`) values (15421,'7','141','2020-06-30','DBA','2020-06-30','DBA');
insert  into `t_role_func_privs`(`id`,`role_id`,`func_id`,`creation_date`,`creator`,`last_update_date`,`updator`) values (15422,'7','89','2020-06-30','DBA','2020-06-30','DBA');
insert  into `t_role_func_privs`(`id`,`role_id`,`func_id`,`creation_date`,`creator`,`last_update_date`,`updator`) values (15423,'7','48','2020-06-30','DBA','2020-06-30','DBA');
insert  into `t_role_func_privs`(`id`,`role_id`,`func_id`,`creation_date`,`creator`,`last_update_date`,`updator`) values (15424,'7','43','2020-06-30','DBA','2020-06-30','DBA');
insert  into `t_role_func_privs`(`id`,`role_id`,`func_id`,`creation_date`,`creator`,`last_update_date`,`updator`) values (15425,'7','44','2020-06-30','DBA','2020-06-30','DBA');
insert  into `t_role_func_privs`(`id`,`role_id`,`func_id`,`creation_date`,`creator`,`last_update_date`,`updator`) values (15426,'7','45','2020-06-30','DBA','2020-06-30','DBA');
insert  into `t_role_func_privs`(`id`,`role_id`,`func_id`,`creation_date`,`creator`,`last_update_date`,`updator`) values (15427,'7','46','2020-06-30','DBA','2020-06-30','DBA');
insert  into `t_role_func_privs`(`id`,`role_id`,`func_id`,`creation_date`,`creator`,`last_update_date`,`updator`) values (15428,'7','42','2020-06-30','DBA','2020-06-30','DBA');

/*Data for the table `t_role_privs` */

insert  into `t_role_privs`(`role_id`,`priv_id`,`creation_date`,`creator`,`last_update_date`,`updator`) values (8,'00101','2020-03-19','DBA','2020-03-19','DBA');
insert  into `t_role_privs`(`role_id`,`priv_id`,`creation_date`,`creator`,`last_update_date`,`updator`) values (8,'00201','2020-03-19','DBA','2020-03-19','DBA');
insert  into `t_role_privs`(`role_id`,`priv_id`,`creation_date`,`creator`,`last_update_date`,`updator`) values (8,'00301','2020-03-19','DBA','2020-03-19','DBA');
insert  into `t_role_privs`(`role_id`,`priv_id`,`creation_date`,`creator`,`last_update_date`,`updator`) values (8,'00401','2020-03-19','DBA','2020-03-19','DBA');
insert  into `t_role_privs`(`role_id`,`priv_id`,`creation_date`,`creator`,`last_update_date`,`updator`) values (8,'00501','2020-03-19','DBA','2020-03-19','DBA');
insert  into `t_role_privs`(`role_id`,`priv_id`,`creation_date`,`creator`,`last_update_date`,`updator`) values (8,'01701','2020-03-19','DBA','2020-03-19','DBA');
insert  into `t_role_privs`(`role_id`,`priv_id`,`creation_date`,`creator`,`last_update_date`,`updator`) values (8,'01702','2020-03-19','DBA','2020-03-19','DBA');
insert  into `t_role_privs`(`role_id`,`priv_id`,`creation_date`,`creator`,`last_update_date`,`updator`) values (8,'01703','2020-03-19','DBA','2020-03-19','DBA');
insert  into `t_role_privs`(`role_id`,`priv_id`,`creation_date`,`creator`,`last_update_date`,`updator`) values (8,'01704','2020-03-19','DBA','2020-03-19','DBA');
insert  into `t_role_privs`(`role_id`,`priv_id`,`creation_date`,`creator`,`last_update_date`,`updator`) values (8,'01705','2020-03-19','DBA','2020-03-19','DBA');
insert  into `t_role_privs`(`role_id`,`priv_id`,`creation_date`,`creator`,`last_update_date`,`updator`) values (9,'00101','2020-03-19','DBA','2020-03-19','DBA');
insert  into `t_role_privs`(`role_id`,`priv_id`,`creation_date`,`creator`,`last_update_date`,`updator`) values (9,'00201','2020-03-19','DBA','2020-03-19','DBA');
insert  into `t_role_privs`(`role_id`,`priv_id`,`creation_date`,`creator`,`last_update_date`,`updator`) values (9,'00301','2020-03-19','DBA','2020-03-19','DBA');
insert  into `t_role_privs`(`role_id`,`priv_id`,`creation_date`,`creator`,`last_update_date`,`updator`) values (9,'00401','2020-03-19','DBA','2020-03-19','DBA');
insert  into `t_role_privs`(`role_id`,`priv_id`,`creation_date`,`creator`,`last_update_date`,`updator`) values (9,'00501','2020-03-19','DBA','2020-03-19','DBA');
insert  into `t_role_privs`(`role_id`,`priv_id`,`creation_date`,`creator`,`last_update_date`,`updator`) values (9,'01701','2020-03-19','DBA','2020-03-19','DBA');
insert  into `t_role_privs`(`role_id`,`priv_id`,`creation_date`,`creator`,`last_update_date`,`updator`) values (9,'01702','2020-03-19','DBA','2020-03-19','DBA');
insert  into `t_role_privs`(`role_id`,`priv_id`,`creation_date`,`creator`,`last_update_date`,`updator`) values (9,'01703','2020-03-19','DBA','2020-03-19','DBA');
insert  into `t_role_privs`(`role_id`,`priv_id`,`creation_date`,`creator`,`last_update_date`,`updator`) values (9,'01704','2020-03-19','DBA','2020-03-19','DBA');
insert  into `t_role_privs`(`role_id`,`priv_id`,`creation_date`,`creator`,`last_update_date`,`updator`) values (9,'01705','2020-03-19','DBA','2020-03-19','DBA');
insert  into `t_role_privs`(`role_id`,`priv_id`,`creation_date`,`creator`,`last_update_date`,`updator`) values (10,'00101','2020-03-19','DBA','2020-03-19','DBA');
insert  into `t_role_privs`(`role_id`,`priv_id`,`creation_date`,`creator`,`last_update_date`,`updator`) values (10,'00201','2020-03-19','DBA','2020-03-19','DBA');
insert  into `t_role_privs`(`role_id`,`priv_id`,`creation_date`,`creator`,`last_update_date`,`updator`) values (10,'00301','2020-03-19','DBA','2020-03-19','DBA');
insert  into `t_role_privs`(`role_id`,`priv_id`,`creation_date`,`creator`,`last_update_date`,`updator`) values (10,'00401','2020-03-19','DBA','2020-03-19','DBA');
insert  into `t_role_privs`(`role_id`,`priv_id`,`creation_date`,`creator`,`last_update_date`,`updator`) values (10,'00501','2020-03-19','DBA','2020-03-19','DBA');
insert  into `t_role_privs`(`role_id`,`priv_id`,`creation_date`,`creator`,`last_update_date`,`updator`) values (10,'01701','2020-03-19','DBA','2020-03-19','DBA');
insert  into `t_role_privs`(`role_id`,`priv_id`,`creation_date`,`creator`,`last_update_date`,`updator`) values (10,'01702','2020-03-19','DBA','2020-03-19','DBA');
insert  into `t_role_privs`(`role_id`,`priv_id`,`creation_date`,`creator`,`last_update_date`,`updator`) values (10,'01703','2020-03-19','DBA','2020-03-19','DBA');
insert  into `t_role_privs`(`role_id`,`priv_id`,`creation_date`,`creator`,`last_update_date`,`updator`) values (10,'01704','2020-03-19','DBA','2020-03-19','DBA');
insert  into `t_role_privs`(`role_id`,`priv_id`,`creation_date`,`creator`,`last_update_date`,`updator`) values (10,'01705','2020-03-19','DBA','2020-03-19','DBA');
insert  into `t_role_privs`(`role_id`,`priv_id`,`creation_date`,`creator`,`last_update_date`,`updator`) values (6,'00101','2020-04-10','DBA','2020-04-10','DBA');
insert  into `t_role_privs`(`role_id`,`priv_id`,`creation_date`,`creator`,`last_update_date`,`updator`) values (6,'00201','2020-04-10','DBA','2020-04-10','DBA');
insert  into `t_role_privs`(`role_id`,`priv_id`,`creation_date`,`creator`,`last_update_date`,`updator`) values (6,'00301','2020-04-10','DBA','2020-04-10','DBA');
insert  into `t_role_privs`(`role_id`,`priv_id`,`creation_date`,`creator`,`last_update_date`,`updator`) values (6,'00401','2020-04-10','DBA','2020-04-10','DBA');
insert  into `t_role_privs`(`role_id`,`priv_id`,`creation_date`,`creator`,`last_update_date`,`updator`) values (6,'00501','2020-04-10','DBA','2020-04-10','DBA');
insert  into `t_role_privs`(`role_id`,`priv_id`,`creation_date`,`creator`,`last_update_date`,`updator`) values (6,'01701','2020-04-10','DBA','2020-04-10','DBA');
insert  into `t_role_privs`(`role_id`,`priv_id`,`creation_date`,`creator`,`last_update_date`,`updator`) values (6,'01702','2020-04-10','DBA','2020-04-10','DBA');
insert  into `t_role_privs`(`role_id`,`priv_id`,`creation_date`,`creator`,`last_update_date`,`updator`) values (6,'01703','2020-04-10','DBA','2020-04-10','DBA');
insert  into `t_role_privs`(`role_id`,`priv_id`,`creation_date`,`creator`,`last_update_date`,`updator`) values (6,'01704','2020-04-10','DBA','2020-04-10','DBA');
insert  into `t_role_privs`(`role_id`,`priv_id`,`creation_date`,`creator`,`last_update_date`,`updator`) values (6,'01705','2020-04-10','DBA','2020-04-10','DBA');
insert  into `t_role_privs`(`role_id`,`priv_id`,`creation_date`,`creator`,`last_update_date`,`updator`) values (4,'00101','2020-05-11','DBA','2020-05-11','DBA');
insert  into `t_role_privs`(`role_id`,`priv_id`,`creation_date`,`creator`,`last_update_date`,`updator`) values (4,'00102','2020-05-11','DBA','2020-05-11','DBA');
insert  into `t_role_privs`(`role_id`,`priv_id`,`creation_date`,`creator`,`last_update_date`,`updator`) values (4,'00103','2020-05-11','DBA','2020-05-11','DBA');
insert  into `t_role_privs`(`role_id`,`priv_id`,`creation_date`,`creator`,`last_update_date`,`updator`) values (4,'00104','2020-05-11','DBA','2020-05-11','DBA');
insert  into `t_role_privs`(`role_id`,`priv_id`,`creation_date`,`creator`,`last_update_date`,`updator`) values (4,'00201','2020-05-11','DBA','2020-05-11','DBA');
insert  into `t_role_privs`(`role_id`,`priv_id`,`creation_date`,`creator`,`last_update_date`,`updator`) values (4,'00202','2020-05-11','DBA','2020-05-11','DBA');
insert  into `t_role_privs`(`role_id`,`priv_id`,`creation_date`,`creator`,`last_update_date`,`updator`) values (4,'00203','2020-05-11','DBA','2020-05-11','DBA');
insert  into `t_role_privs`(`role_id`,`priv_id`,`creation_date`,`creator`,`last_update_date`,`updator`) values (4,'00301','2020-05-11','DBA','2020-05-11','DBA');
insert  into `t_role_privs`(`role_id`,`priv_id`,`creation_date`,`creator`,`last_update_date`,`updator`) values (4,'00302','2020-05-11','DBA','2020-05-11','DBA');
insert  into `t_role_privs`(`role_id`,`priv_id`,`creation_date`,`creator`,`last_update_date`,`updator`) values (4,'00303','2020-05-11','DBA','2020-05-11','DBA');
insert  into `t_role_privs`(`role_id`,`priv_id`,`creation_date`,`creator`,`last_update_date`,`updator`) values (4,'00401','2020-05-11','DBA','2020-05-11','DBA');
insert  into `t_role_privs`(`role_id`,`priv_id`,`creation_date`,`creator`,`last_update_date`,`updator`) values (4,'00402','2020-05-11','DBA','2020-05-11','DBA');
insert  into `t_role_privs`(`role_id`,`priv_id`,`creation_date`,`creator`,`last_update_date`,`updator`) values (4,'00403','2020-05-11','DBA','2020-05-11','DBA');
insert  into `t_role_privs`(`role_id`,`priv_id`,`creation_date`,`creator`,`last_update_date`,`updator`) values (4,'00404','2020-05-11','DBA','2020-05-11','DBA');
insert  into `t_role_privs`(`role_id`,`priv_id`,`creation_date`,`creator`,`last_update_date`,`updator`) values (4,'00501','2020-05-11','DBA','2020-05-11','DBA');
insert  into `t_role_privs`(`role_id`,`priv_id`,`creation_date`,`creator`,`last_update_date`,`updator`) values (4,'00502','2020-05-11','DBA','2020-05-11','DBA');
insert  into `t_role_privs`(`role_id`,`priv_id`,`creation_date`,`creator`,`last_update_date`,`updator`) values (4,'00503','2020-05-11','DBA','2020-05-11','DBA');
insert  into `t_role_privs`(`role_id`,`priv_id`,`creation_date`,`creator`,`last_update_date`,`updator`) values (4,'00601','2020-05-11','DBA','2020-05-11','DBA');
insert  into `t_role_privs`(`role_id`,`priv_id`,`creation_date`,`creator`,`last_update_date`,`updator`) values (4,'00602','2020-05-11','DBA','2020-05-11','DBA');
insert  into `t_role_privs`(`role_id`,`priv_id`,`creation_date`,`creator`,`last_update_date`,`updator`) values (4,'00603','2020-05-11','DBA','2020-05-11','DBA');
insert  into `t_role_privs`(`role_id`,`priv_id`,`creation_date`,`creator`,`last_update_date`,`updator`) values (4,'00701','2020-05-11','DBA','2020-05-11','DBA');
insert  into `t_role_privs`(`role_id`,`priv_id`,`creation_date`,`creator`,`last_update_date`,`updator`) values (4,'00702','2020-05-11','DBA','2020-05-11','DBA');
insert  into `t_role_privs`(`role_id`,`priv_id`,`creation_date`,`creator`,`last_update_date`,`updator`) values (4,'00703','2020-05-11','DBA','2020-05-11','DBA');
insert  into `t_role_privs`(`role_id`,`priv_id`,`creation_date`,`creator`,`last_update_date`,`updator`) values (4,'00704','2020-05-11','DBA','2020-05-11','DBA');
insert  into `t_role_privs`(`role_id`,`priv_id`,`creation_date`,`creator`,`last_update_date`,`updator`) values (4,'00801','2020-05-11','DBA','2020-05-11','DBA');
insert  into `t_role_privs`(`role_id`,`priv_id`,`creation_date`,`creator`,`last_update_date`,`updator`) values (4,'00802','2020-05-11','DBA','2020-05-11','DBA');
insert  into `t_role_privs`(`role_id`,`priv_id`,`creation_date`,`creator`,`last_update_date`,`updator`) values (4,'00901','2020-05-11','DBA','2020-05-11','DBA');
insert  into `t_role_privs`(`role_id`,`priv_id`,`creation_date`,`creator`,`last_update_date`,`updator`) values (4,'00902','2020-05-11','DBA','2020-05-11','DBA');
insert  into `t_role_privs`(`role_id`,`priv_id`,`creation_date`,`creator`,`last_update_date`,`updator`) values (4,'00903','2020-05-11','DBA','2020-05-11','DBA');
insert  into `t_role_privs`(`role_id`,`priv_id`,`creation_date`,`creator`,`last_update_date`,`updator`) values (4,'00904','2020-05-11','DBA','2020-05-11','DBA');
insert  into `t_role_privs`(`role_id`,`priv_id`,`creation_date`,`creator`,`last_update_date`,`updator`) values (4,'00905','2020-05-11','DBA','2020-05-11','DBA');
insert  into `t_role_privs`(`role_id`,`priv_id`,`creation_date`,`creator`,`last_update_date`,`updator`) values (4,'01001','2020-05-11','DBA','2020-05-11','DBA');
insert  into `t_role_privs`(`role_id`,`priv_id`,`creation_date`,`creator`,`last_update_date`,`updator`) values (4,'01002','2020-05-11','DBA','2020-05-11','DBA');
insert  into `t_role_privs`(`role_id`,`priv_id`,`creation_date`,`creator`,`last_update_date`,`updator`) values (4,'01003','2020-05-11','DBA','2020-05-11','DBA');
insert  into `t_role_privs`(`role_id`,`priv_id`,`creation_date`,`creator`,`last_update_date`,`updator`) values (4,'01101','2020-05-11','DBA','2020-05-11','DBA');
insert  into `t_role_privs`(`role_id`,`priv_id`,`creation_date`,`creator`,`last_update_date`,`updator`) values (4,'01102','2020-05-11','DBA','2020-05-11','DBA');
insert  into `t_role_privs`(`role_id`,`priv_id`,`creation_date`,`creator`,`last_update_date`,`updator`) values (4,'01103','2020-05-11','DBA','2020-05-11','DBA');
insert  into `t_role_privs`(`role_id`,`priv_id`,`creation_date`,`creator`,`last_update_date`,`updator`) values (4,'01104','2020-05-11','DBA','2020-05-11','DBA');
insert  into `t_role_privs`(`role_id`,`priv_id`,`creation_date`,`creator`,`last_update_date`,`updator`) values (4,'01105','2020-05-11','DBA','2020-05-11','DBA');
insert  into `t_role_privs`(`role_id`,`priv_id`,`creation_date`,`creator`,`last_update_date`,`updator`) values (4,'01201','2020-05-11','DBA','2020-05-11','DBA');
insert  into `t_role_privs`(`role_id`,`priv_id`,`creation_date`,`creator`,`last_update_date`,`updator`) values (4,'01202','2020-05-11','DBA','2020-05-11','DBA');
insert  into `t_role_privs`(`role_id`,`priv_id`,`creation_date`,`creator`,`last_update_date`,`updator`) values (4,'01203','2020-05-11','DBA','2020-05-11','DBA');
insert  into `t_role_privs`(`role_id`,`priv_id`,`creation_date`,`creator`,`last_update_date`,`updator`) values (4,'01204','2020-05-11','DBA','2020-05-11','DBA');
insert  into `t_role_privs`(`role_id`,`priv_id`,`creation_date`,`creator`,`last_update_date`,`updator`) values (4,'01301','2020-05-11','DBA','2020-05-11','DBA');
insert  into `t_role_privs`(`role_id`,`priv_id`,`creation_date`,`creator`,`last_update_date`,`updator`) values (4,'01302','2020-05-11','DBA','2020-05-11','DBA');
insert  into `t_role_privs`(`role_id`,`priv_id`,`creation_date`,`creator`,`last_update_date`,`updator`) values (4,'01303','2020-05-11','DBA','2020-05-11','DBA');
insert  into `t_role_privs`(`role_id`,`priv_id`,`creation_date`,`creator`,`last_update_date`,`updator`) values (4,'01304','2020-05-11','DBA','2020-05-11','DBA');
insert  into `t_role_privs`(`role_id`,`priv_id`,`creation_date`,`creator`,`last_update_date`,`updator`) values (4,'01501','2020-05-11','DBA','2020-05-11','DBA');
insert  into `t_role_privs`(`role_id`,`priv_id`,`creation_date`,`creator`,`last_update_date`,`updator`) values (4,'01502','2020-05-11','DBA','2020-05-11','DBA');
insert  into `t_role_privs`(`role_id`,`priv_id`,`creation_date`,`creator`,`last_update_date`,`updator`) values (4,'01503','2020-05-11','DBA','2020-05-11','DBA');
insert  into `t_role_privs`(`role_id`,`priv_id`,`creation_date`,`creator`,`last_update_date`,`updator`) values (4,'01504','2020-05-11','DBA','2020-05-11','DBA');
insert  into `t_role_privs`(`role_id`,`priv_id`,`creation_date`,`creator`,`last_update_date`,`updator`) values (4,'01601','2020-05-11','DBA','2020-05-11','DBA');
insert  into `t_role_privs`(`role_id`,`priv_id`,`creation_date`,`creator`,`last_update_date`,`updator`) values (4,'01602','2020-05-11','DBA','2020-05-11','DBA');
insert  into `t_role_privs`(`role_id`,`priv_id`,`creation_date`,`creator`,`last_update_date`,`updator`) values (4,'01603','2020-05-11','DBA','2020-05-11','DBA');
insert  into `t_role_privs`(`role_id`,`priv_id`,`creation_date`,`creator`,`last_update_date`,`updator`) values (4,'01701','2020-05-11','DBA','2020-05-11','DBA');
insert  into `t_role_privs`(`role_id`,`priv_id`,`creation_date`,`creator`,`last_update_date`,`updator`) values (4,'01702','2020-05-11','DBA','2020-05-11','DBA');
insert  into `t_role_privs`(`role_id`,`priv_id`,`creation_date`,`creator`,`last_update_date`,`updator`) values (4,'01703','2020-05-11','DBA','2020-05-11','DBA');
insert  into `t_role_privs`(`role_id`,`priv_id`,`creation_date`,`creator`,`last_update_date`,`updator`) values (4,'01704','2020-05-11','DBA','2020-05-11','DBA');
insert  into `t_role_privs`(`role_id`,`priv_id`,`creation_date`,`creator`,`last_update_date`,`updator`) values (4,'01705','2020-05-11','DBA','2020-05-11','DBA');
insert  into `t_role_privs`(`role_id`,`priv_id`,`creation_date`,`creator`,`last_update_date`,`updator`) values (4,'01706','2020-05-11','DBA','2020-05-11','DBA');
insert  into `t_role_privs`(`role_id`,`priv_id`,`creation_date`,`creator`,`last_update_date`,`updator`) values (4,'01707','2020-05-11','DBA','2020-05-11','DBA');
insert  into `t_role_privs`(`role_id`,`priv_id`,`creation_date`,`creator`,`last_update_date`,`updator`) values (4,'01708','2020-05-11','DBA','2020-05-11','DBA');
insert  into `t_role_privs`(`role_id`,`priv_id`,`creation_date`,`creator`,`last_update_date`,`updator`) values (4,'01801','2020-05-11','DBA','2020-05-11','DBA');
insert  into `t_role_privs`(`role_id`,`priv_id`,`creation_date`,`creator`,`last_update_date`,`updator`) values (4,'01802','2020-05-11','DBA','2020-05-11','DBA');
insert  into `t_role_privs`(`role_id`,`priv_id`,`creation_date`,`creator`,`last_update_date`,`updator`) values (4,'01803','2020-05-11','DBA','2020-05-11','DBA');
insert  into `t_role_privs`(`role_id`,`priv_id`,`creation_date`,`creator`,`last_update_date`,`updator`) values (4,'01901','2020-05-11','DBA','2020-05-11','DBA');
insert  into `t_role_privs`(`role_id`,`priv_id`,`creation_date`,`creator`,`last_update_date`,`updator`) values (4,'01902','2020-05-11','DBA','2020-05-11','DBA');
insert  into `t_role_privs`(`role_id`,`priv_id`,`creation_date`,`creator`,`last_update_date`,`updator`) values (4,'01903','2020-05-11','DBA','2020-05-11','DBA');
insert  into `t_role_privs`(`role_id`,`priv_id`,`creation_date`,`creator`,`last_update_date`,`updator`) values (4,'02001','2020-05-11','DBA','2020-05-11','DBA');
insert  into `t_role_privs`(`role_id`,`priv_id`,`creation_date`,`creator`,`last_update_date`,`updator`) values (4,'02002','2020-05-11','DBA','2020-05-11','DBA');
insert  into `t_role_privs`(`role_id`,`priv_id`,`creation_date`,`creator`,`last_update_date`,`updator`) values (4,'02003','2020-05-11','DBA','2020-05-11','DBA');
insert  into `t_role_privs`(`role_id`,`priv_id`,`creation_date`,`creator`,`last_update_date`,`updator`) values (4,'06001','2020-05-11','DBA','2020-05-11','DBA');
insert  into `t_role_privs`(`role_id`,`priv_id`,`creation_date`,`creator`,`last_update_date`,`updator`) values (4,'06002','2020-05-11','DBA','2020-05-11','DBA');
insert  into `t_role_privs`(`role_id`,`priv_id`,`creation_date`,`creator`,`last_update_date`,`updator`) values (4,'06003','2020-05-11','DBA','2020-05-11','DBA');
insert  into `t_role_privs`(`role_id`,`priv_id`,`creation_date`,`creator`,`last_update_date`,`updator`) values (4,'06101','2020-05-11','DBA','2020-05-11','DBA');
insert  into `t_role_privs`(`role_id`,`priv_id`,`creation_date`,`creator`,`last_update_date`,`updator`) values (4,'06102','2020-05-11','DBA','2020-05-11','DBA');
insert  into `t_role_privs`(`role_id`,`priv_id`,`creation_date`,`creator`,`last_update_date`,`updator`) values (4,'06103','2020-05-11','DBA','2020-05-11','DBA');
insert  into `t_role_privs`(`role_id`,`priv_id`,`creation_date`,`creator`,`last_update_date`,`updator`) values (4,'00705','2020-05-11','DBA','2020-05-11','DBA');
insert  into `t_role_privs`(`role_id`,`priv_id`,`creation_date`,`creator`,`last_update_date`,`updator`) values (12,'00101','2020-05-15','DBA','2020-05-15','DBA');
insert  into `t_role_privs`(`role_id`,`priv_id`,`creation_date`,`creator`,`last_update_date`,`updator`) values (12,'00102','2020-05-15','DBA','2020-05-15','DBA');
insert  into `t_role_privs`(`role_id`,`priv_id`,`creation_date`,`creator`,`last_update_date`,`updator`) values (12,'00103','2020-05-15','DBA','2020-05-15','DBA');
insert  into `t_role_privs`(`role_id`,`priv_id`,`creation_date`,`creator`,`last_update_date`,`updator`) values (12,'00104','2020-05-15','DBA','2020-05-15','DBA');
insert  into `t_role_privs`(`role_id`,`priv_id`,`creation_date`,`creator`,`last_update_date`,`updator`) values (12,'00201','2020-05-15','DBA','2020-05-15','DBA');
insert  into `t_role_privs`(`role_id`,`priv_id`,`creation_date`,`creator`,`last_update_date`,`updator`) values (12,'00202','2020-05-15','DBA','2020-05-15','DBA');
insert  into `t_role_privs`(`role_id`,`priv_id`,`creation_date`,`creator`,`last_update_date`,`updator`) values (12,'00203','2020-05-15','DBA','2020-05-15','DBA');
insert  into `t_role_privs`(`role_id`,`priv_id`,`creation_date`,`creator`,`last_update_date`,`updator`) values (12,'00301','2020-05-15','DBA','2020-05-15','DBA');
insert  into `t_role_privs`(`role_id`,`priv_id`,`creation_date`,`creator`,`last_update_date`,`updator`) values (12,'00302','2020-05-15','DBA','2020-05-15','DBA');
insert  into `t_role_privs`(`role_id`,`priv_id`,`creation_date`,`creator`,`last_update_date`,`updator`) values (12,'00303','2020-05-15','DBA','2020-05-15','DBA');
insert  into `t_role_privs`(`role_id`,`priv_id`,`creation_date`,`creator`,`last_update_date`,`updator`) values (12,'00401','2020-05-15','DBA','2020-05-15','DBA');
insert  into `t_role_privs`(`role_id`,`priv_id`,`creation_date`,`creator`,`last_update_date`,`updator`) values (12,'00402','2020-05-15','DBA','2020-05-15','DBA');
insert  into `t_role_privs`(`role_id`,`priv_id`,`creation_date`,`creator`,`last_update_date`,`updator`) values (12,'00403','2020-05-15','DBA','2020-05-15','DBA');
insert  into `t_role_privs`(`role_id`,`priv_id`,`creation_date`,`creator`,`last_update_date`,`updator`) values (12,'00404','2020-05-15','DBA','2020-05-15','DBA');
insert  into `t_role_privs`(`role_id`,`priv_id`,`creation_date`,`creator`,`last_update_date`,`updator`) values (12,'00501','2020-05-15','DBA','2020-05-15','DBA');
insert  into `t_role_privs`(`role_id`,`priv_id`,`creation_date`,`creator`,`last_update_date`,`updator`) values (12,'00502','2020-05-15','DBA','2020-05-15','DBA');
insert  into `t_role_privs`(`role_id`,`priv_id`,`creation_date`,`creator`,`last_update_date`,`updator`) values (12,'00503','2020-05-15','DBA','2020-05-15','DBA');
insert  into `t_role_privs`(`role_id`,`priv_id`,`creation_date`,`creator`,`last_update_date`,`updator`) values (12,'00601','2020-05-15','DBA','2020-05-15','DBA');
insert  into `t_role_privs`(`role_id`,`priv_id`,`creation_date`,`creator`,`last_update_date`,`updator`) values (12,'00602','2020-05-15','DBA','2020-05-15','DBA');
insert  into `t_role_privs`(`role_id`,`priv_id`,`creation_date`,`creator`,`last_update_date`,`updator`) values (12,'00603','2020-05-15','DBA','2020-05-15','DBA');
insert  into `t_role_privs`(`role_id`,`priv_id`,`creation_date`,`creator`,`last_update_date`,`updator`) values (12,'00701','2020-05-15','DBA','2020-05-15','DBA');
insert  into `t_role_privs`(`role_id`,`priv_id`,`creation_date`,`creator`,`last_update_date`,`updator`) values (12,'00702','2020-05-15','DBA','2020-05-15','DBA');
insert  into `t_role_privs`(`role_id`,`priv_id`,`creation_date`,`creator`,`last_update_date`,`updator`) values (12,'00703','2020-05-15','DBA','2020-05-15','DBA');
insert  into `t_role_privs`(`role_id`,`priv_id`,`creation_date`,`creator`,`last_update_date`,`updator`) values (12,'00704','2020-05-15','DBA','2020-05-15','DBA');
insert  into `t_role_privs`(`role_id`,`priv_id`,`creation_date`,`creator`,`last_update_date`,`updator`) values (12,'00705','2020-05-15','DBA','2020-05-15','DBA');
insert  into `t_role_privs`(`role_id`,`priv_id`,`creation_date`,`creator`,`last_update_date`,`updator`) values (12,'00801','2020-05-15','DBA','2020-05-15','DBA');
insert  into `t_role_privs`(`role_id`,`priv_id`,`creation_date`,`creator`,`last_update_date`,`updator`) values (12,'00802','2020-05-15','DBA','2020-05-15','DBA');
insert  into `t_role_privs`(`role_id`,`priv_id`,`creation_date`,`creator`,`last_update_date`,`updator`) values (12,'00901','2020-05-15','DBA','2020-05-15','DBA');
insert  into `t_role_privs`(`role_id`,`priv_id`,`creation_date`,`creator`,`last_update_date`,`updator`) values (12,'00902','2020-05-15','DBA','2020-05-15','DBA');
insert  into `t_role_privs`(`role_id`,`priv_id`,`creation_date`,`creator`,`last_update_date`,`updator`) values (12,'00903','2020-05-15','DBA','2020-05-15','DBA');
insert  into `t_role_privs`(`role_id`,`priv_id`,`creation_date`,`creator`,`last_update_date`,`updator`) values (12,'00904','2020-05-15','DBA','2020-05-15','DBA');
insert  into `t_role_privs`(`role_id`,`priv_id`,`creation_date`,`creator`,`last_update_date`,`updator`) values (12,'00905','2020-05-15','DBA','2020-05-15','DBA');
insert  into `t_role_privs`(`role_id`,`priv_id`,`creation_date`,`creator`,`last_update_date`,`updator`) values (12,'01001','2020-05-15','DBA','2020-05-15','DBA');
insert  into `t_role_privs`(`role_id`,`priv_id`,`creation_date`,`creator`,`last_update_date`,`updator`) values (12,'01002','2020-05-15','DBA','2020-05-15','DBA');
insert  into `t_role_privs`(`role_id`,`priv_id`,`creation_date`,`creator`,`last_update_date`,`updator`) values (12,'01003','2020-05-15','DBA','2020-05-15','DBA');
insert  into `t_role_privs`(`role_id`,`priv_id`,`creation_date`,`creator`,`last_update_date`,`updator`) values (12,'01101','2020-05-15','DBA','2020-05-15','DBA');
insert  into `t_role_privs`(`role_id`,`priv_id`,`creation_date`,`creator`,`last_update_date`,`updator`) values (12,'01102','2020-05-15','DBA','2020-05-15','DBA');
insert  into `t_role_privs`(`role_id`,`priv_id`,`creation_date`,`creator`,`last_update_date`,`updator`) values (12,'01103','2020-05-15','DBA','2020-05-15','DBA');
insert  into `t_role_privs`(`role_id`,`priv_id`,`creation_date`,`creator`,`last_update_date`,`updator`) values (12,'01104','2020-05-15','DBA','2020-05-15','DBA');
insert  into `t_role_privs`(`role_id`,`priv_id`,`creation_date`,`creator`,`last_update_date`,`updator`) values (12,'01105','2020-05-15','DBA','2020-05-15','DBA');
insert  into `t_role_privs`(`role_id`,`priv_id`,`creation_date`,`creator`,`last_update_date`,`updator`) values (12,'01201','2020-05-15','DBA','2020-05-15','DBA');
insert  into `t_role_privs`(`role_id`,`priv_id`,`creation_date`,`creator`,`last_update_date`,`updator`) values (12,'01202','2020-05-15','DBA','2020-05-15','DBA');
insert  into `t_role_privs`(`role_id`,`priv_id`,`creation_date`,`creator`,`last_update_date`,`updator`) values (12,'01203','2020-05-15','DBA','2020-05-15','DBA');
insert  into `t_role_privs`(`role_id`,`priv_id`,`creation_date`,`creator`,`last_update_date`,`updator`) values (12,'01204','2020-05-15','DBA','2020-05-15','DBA');
insert  into `t_role_privs`(`role_id`,`priv_id`,`creation_date`,`creator`,`last_update_date`,`updator`) values (12,'01301','2020-05-15','DBA','2020-05-15','DBA');
insert  into `t_role_privs`(`role_id`,`priv_id`,`creation_date`,`creator`,`last_update_date`,`updator`) values (12,'01302','2020-05-15','DBA','2020-05-15','DBA');
insert  into `t_role_privs`(`role_id`,`priv_id`,`creation_date`,`creator`,`last_update_date`,`updator`) values (12,'01303','2020-05-15','DBA','2020-05-15','DBA');
insert  into `t_role_privs`(`role_id`,`priv_id`,`creation_date`,`creator`,`last_update_date`,`updator`) values (12,'01304','2020-05-15','DBA','2020-05-15','DBA');
insert  into `t_role_privs`(`role_id`,`priv_id`,`creation_date`,`creator`,`last_update_date`,`updator`) values (12,'01501','2020-05-15','DBA','2020-05-15','DBA');
insert  into `t_role_privs`(`role_id`,`priv_id`,`creation_date`,`creator`,`last_update_date`,`updator`) values (12,'01502','2020-05-15','DBA','2020-05-15','DBA');
insert  into `t_role_privs`(`role_id`,`priv_id`,`creation_date`,`creator`,`last_update_date`,`updator`) values (12,'01503','2020-05-15','DBA','2020-05-15','DBA');
insert  into `t_role_privs`(`role_id`,`priv_id`,`creation_date`,`creator`,`last_update_date`,`updator`) values (12,'01504','2020-05-15','DBA','2020-05-15','DBA');
insert  into `t_role_privs`(`role_id`,`priv_id`,`creation_date`,`creator`,`last_update_date`,`updator`) values (12,'01601','2020-05-15','DBA','2020-05-15','DBA');
insert  into `t_role_privs`(`role_id`,`priv_id`,`creation_date`,`creator`,`last_update_date`,`updator`) values (12,'01602','2020-05-15','DBA','2020-05-15','DBA');
insert  into `t_role_privs`(`role_id`,`priv_id`,`creation_date`,`creator`,`last_update_date`,`updator`) values (12,'01603','2020-05-15','DBA','2020-05-15','DBA');
insert  into `t_role_privs`(`role_id`,`priv_id`,`creation_date`,`creator`,`last_update_date`,`updator`) values (12,'01701','2020-05-15','DBA','2020-05-15','DBA');
insert  into `t_role_privs`(`role_id`,`priv_id`,`creation_date`,`creator`,`last_update_date`,`updator`) values (12,'01702','2020-05-15','DBA','2020-05-15','DBA');
insert  into `t_role_privs`(`role_id`,`priv_id`,`creation_date`,`creator`,`last_update_date`,`updator`) values (12,'01703','2020-05-15','DBA','2020-05-15','DBA');
insert  into `t_role_privs`(`role_id`,`priv_id`,`creation_date`,`creator`,`last_update_date`,`updator`) values (12,'01704','2020-05-15','DBA','2020-05-15','DBA');
insert  into `t_role_privs`(`role_id`,`priv_id`,`creation_date`,`creator`,`last_update_date`,`updator`) values (12,'01705','2020-05-15','DBA','2020-05-15','DBA');
insert  into `t_role_privs`(`role_id`,`priv_id`,`creation_date`,`creator`,`last_update_date`,`updator`) values (12,'01706','2020-05-15','DBA','2020-05-15','DBA');
insert  into `t_role_privs`(`role_id`,`priv_id`,`creation_date`,`creator`,`last_update_date`,`updator`) values (12,'01707','2020-05-15','DBA','2020-05-15','DBA');
insert  into `t_role_privs`(`role_id`,`priv_id`,`creation_date`,`creator`,`last_update_date`,`updator`) values (12,'01708','2020-05-15','DBA','2020-05-15','DBA');
insert  into `t_role_privs`(`role_id`,`priv_id`,`creation_date`,`creator`,`last_update_date`,`updator`) values (12,'01801','2020-05-15','DBA','2020-05-15','DBA');
insert  into `t_role_privs`(`role_id`,`priv_id`,`creation_date`,`creator`,`last_update_date`,`updator`) values (12,'01802','2020-05-15','DBA','2020-05-15','DBA');
insert  into `t_role_privs`(`role_id`,`priv_id`,`creation_date`,`creator`,`last_update_date`,`updator`) values (12,'01803','2020-05-15','DBA','2020-05-15','DBA');
insert  into `t_role_privs`(`role_id`,`priv_id`,`creation_date`,`creator`,`last_update_date`,`updator`) values (12,'01901','2020-05-15','DBA','2020-05-15','DBA');
insert  into `t_role_privs`(`role_id`,`priv_id`,`creation_date`,`creator`,`last_update_date`,`updator`) values (12,'01902','2020-05-15','DBA','2020-05-15','DBA');
insert  into `t_role_privs`(`role_id`,`priv_id`,`creation_date`,`creator`,`last_update_date`,`updator`) values (12,'01903','2020-05-15','DBA','2020-05-15','DBA');
insert  into `t_role_privs`(`role_id`,`priv_id`,`creation_date`,`creator`,`last_update_date`,`updator`) values (12,'02001','2020-05-15','DBA','2020-05-15','DBA');
insert  into `t_role_privs`(`role_id`,`priv_id`,`creation_date`,`creator`,`last_update_date`,`updator`) values (12,'02002','2020-05-15','DBA','2020-05-15','DBA');
insert  into `t_role_privs`(`role_id`,`priv_id`,`creation_date`,`creator`,`last_update_date`,`updator`) values (12,'02003','2020-05-15','DBA','2020-05-15','DBA');
insert  into `t_role_privs`(`role_id`,`priv_id`,`creation_date`,`creator`,`last_update_date`,`updator`) values (12,'06001','2020-05-15','DBA','2020-05-15','DBA');
insert  into `t_role_privs`(`role_id`,`priv_id`,`creation_date`,`creator`,`last_update_date`,`updator`) values (12,'06002','2020-05-15','DBA','2020-05-15','DBA');
insert  into `t_role_privs`(`role_id`,`priv_id`,`creation_date`,`creator`,`last_update_date`,`updator`) values (12,'06003','2020-05-15','DBA','2020-05-15','DBA');
insert  into `t_role_privs`(`role_id`,`priv_id`,`creation_date`,`creator`,`last_update_date`,`updator`) values (12,'06101','2020-05-15','DBA','2020-05-15','DBA');
insert  into `t_role_privs`(`role_id`,`priv_id`,`creation_date`,`creator`,`last_update_date`,`updator`) values (12,'06102','2020-05-15','DBA','2020-05-15','DBA');
insert  into `t_role_privs`(`role_id`,`priv_id`,`creation_date`,`creator`,`last_update_date`,`updator`) values (12,'06103','2020-05-15','DBA','2020-05-15','DBA');
insert  into `t_role_privs`(`role_id`,`priv_id`,`creation_date`,`creator`,`last_update_date`,`updator`) values (7,'00101','2020-06-30','DBA','2020-06-30','DBA');
insert  into `t_role_privs`(`role_id`,`priv_id`,`creation_date`,`creator`,`last_update_date`,`updator`) values (7,'00201','2020-06-30','DBA','2020-06-30','DBA');
insert  into `t_role_privs`(`role_id`,`priv_id`,`creation_date`,`creator`,`last_update_date`,`updator`) values (7,'00301','2020-06-30','DBA','2020-06-30','DBA');
insert  into `t_role_privs`(`role_id`,`priv_id`,`creation_date`,`creator`,`last_update_date`,`updator`) values (7,'00401','2020-06-30','DBA','2020-06-30','DBA');
insert  into `t_role_privs`(`role_id`,`priv_id`,`creation_date`,`creator`,`last_update_date`,`updator`) values (7,'00501','2020-06-30','DBA','2020-06-30','DBA');
insert  into `t_role_privs`(`role_id`,`priv_id`,`creation_date`,`creator`,`last_update_date`,`updator`) values (7,'01102','2020-06-30','DBA','2020-06-30','DBA');
insert  into `t_role_privs`(`role_id`,`priv_id`,`creation_date`,`creator`,`last_update_date`,`updator`) values (7,'01103','2020-06-30','DBA','2020-06-30','DBA');
insert  into `t_role_privs`(`role_id`,`priv_id`,`creation_date`,`creator`,`last_update_date`,`updator`) values (7,'01104','2020-06-30','DBA','2020-06-30','DBA');
insert  into `t_role_privs`(`role_id`,`priv_id`,`creation_date`,`creator`,`last_update_date`,`updator`) values (7,'01502','2020-06-30','DBA','2020-06-30','DBA');
insert  into `t_role_privs`(`role_id`,`priv_id`,`creation_date`,`creator`,`last_update_date`,`updator`) values (7,'01701','2020-06-30','DBA','2020-06-30','DBA');
insert  into `t_role_privs`(`role_id`,`priv_id`,`creation_date`,`creator`,`last_update_date`,`updator`) values (7,'01702','2020-06-30','DBA','2020-06-30','DBA');
insert  into `t_role_privs`(`role_id`,`priv_id`,`creation_date`,`creator`,`last_update_date`,`updator`) values (7,'01105','2020-06-30','DBA','2020-06-30','DBA');

/*Data for the table `t_sql_audit_rule` */

insert  into `t_sql_audit_rule`(`id`,`rule_type`,`rule_code`,`rule_name`,`rule_value`,`error`,`status`) values (0,'ddl','switch_check_ddl','检测DDL语法及权限','true','{0}','1');
insert  into `t_sql_audit_rule`(`id`,`rule_type`,`rule_code`,`rule_name`,`rule_value`,`error`,`status`) values (1,'ddl','switch_tab_not_exists_pk','检查表必须为主键','true','表:\'{0}\'无主键!','1');
insert  into `t_sql_audit_rule`(`id`,`rule_type`,`rule_code`,`rule_name`,`rule_value`,`error`,`status`) values (2,'ddl','switch_tab_pk_id','强制主键名为ID','true','表:\'{0}\'主键列名必须为\"id\"!','1');
insert  into `t_sql_audit_rule`(`id`,`rule_type`,`rule_code`,`rule_name`,`rule_value`,`error`,`status`) values (3,'ddl','switch_tab_pk_auto_incr','强制主键为自增列','true','表:\'{0}\'主键列名必须为自增列!','1');
insert  into `t_sql_audit_rule`(`id`,`rule_type`,`rule_code`,`rule_name`,`rule_value`,`error`,`status`) values (4,'ddl','switch_tab_pk_autoincrement_1','强制自增列初始值为1','true','表:\'{0}\'主键列自增初始值必须为1!','1');
insert  into `t_sql_audit_rule`(`id`,`rule_type`,`rule_code`,`rule_name`,`rule_value`,`error`,`status`) values (5,'ddl','switch_pk_not_int_bigint','允许主键类型非int/bigint','false','表:\'{0}\'主键类型非int/bigint','1');
insert  into `t_sql_audit_rule`(`id`,`rule_type`,`rule_code`,`rule_name`,`rule_value`,`error`,`status`) values (6,'ddl','switch_tab_comment','检查表注释','true','表:\'{0}\'没有注释!','1');
insert  into `t_sql_audit_rule`(`id`,`rule_type`,`rule_code`,`rule_name`,`rule_value`,`error`,`status`) values (7,'ddl','switch_col_comment','检查列注释','true','表:\'{0}\'列\'{1}\'没有注释!','1');
insert  into `t_sql_audit_rule`(`id`,`rule_type`,`rule_code`,`rule_name`,`rule_value`,`error`,`status`) values (8,'ddl','switch_col_not_null','检查列是否为not null','true','表:\'{0}\'列\'{1}\'不能为空!','1');
insert  into `t_sql_audit_rule`(`id`,`rule_type`,`rule_code`,`rule_name`,`rule_value`,`error`,`status`) values (9,'ddl','switch_col_default_value','检查列默认值','true','表:\'{0}\'非空列\'{1}\'上没有默认值!','1');
insert  into `t_sql_audit_rule`(`id`,`rule_type`,`rule_code`,`rule_name`,`rule_value`,`error`,`status`) values (10,'ddl','switch_tcol_default_value','检查时间字段默认值','true','表:\'{0}\'时间列\'{1}\'默认值必须为\'{2}\'!','1');
insert  into `t_sql_audit_rule`(`id`,`rule_type`,`rule_code`,`rule_name`,`rule_value`,`error`,`status`) values (11,'ddl','switch_char_max_len','字符字段最大长度','2000','表:\'{0}\'字符列\'{1}\'长度不能超过{2}!','1');
insert  into `t_sql_audit_rule`(`id`,`rule_type`,`rule_code`,`rule_name`,`rule_value`,`error`,`status`) values (12,'ddl','switch_tab_has_time_fields','表必须拥有字段','create_time,update_time','表:\'{0}\'无\'{1}\'列!','1');
insert  into `t_sql_audit_rule`(`id`,`rule_type`,`rule_code`,`rule_name`,`rule_value`,`error`,`status`) values (13,'ddl','switch_tab_tcol_datetime','时间字段类型为datetime','true','表:\'{0}\'列\'{1}\'必须为datetime类型!','1');
insert  into `t_sql_audit_rule`(`id`,`rule_type`,`rule_code`,`rule_name`,`rule_value`,`error`,`status`) values (14,'ddl','switch_tab_char_total_len','字符列总长度','8000','表:\'{0}\'字符列总长度不能超过{1}个字符!','1');
insert  into `t_sql_audit_rule`(`id`,`rule_type`,`rule_code`,`rule_name`,`rule_value`,`error`,`status`) values (15,'ddl','switch_tab_ddl_max_rows','DDL最大影响行数','2000','表:\'{0}\'DDL操作影响行数不能超过{1}行!','1');
insert  into `t_sql_audit_rule`(`id`,`rule_type`,`rule_code`,`rule_name`,`rule_value`,`error`,`status`) values (20,'ddl','switch_tab_name_check','开启表名称规范','true','','1');
insert  into `t_sql_audit_rule`(`id`,`rule_type`,`rule_code`,`rule_name`,`rule_value`,`error`,`status`) values (21,'ddl','switch_tab_max_len','表名最大长度','60','表:\'{0}\'名称长度不能超过{1}个字符!','1');
insert  into `t_sql_audit_rule`(`id`,`rule_type`,`rule_code`,`rule_name`,`rule_value`,`error`,`status`) values (22,'ddl','switch_tab_not_digit_first','表名不能以数字开头','true','表:\'{0}\'不允许以数字开头!','1');
insert  into `t_sql_audit_rule`(`id`,`rule_type`,`rule_code`,`rule_name`,`rule_value`,`error`,`status`) values (23,'ddl','switch_tab_two_digit_end','禁止连续2位数字为后缀','true','表:\'{0}\'不允许连续2位及以上数字结尾!','1');
insert  into `t_sql_audit_rule`(`id`,`rule_type`,`rule_code`,`rule_name`,`rule_value`,`error`,`status`) values (24,'ddl','switch_tab_disable_prefix','禁止表名前后缀','temp,tmp,bak,backup','表:\'{0}\'禁止{1}为前后缀!','1');
insert  into `t_sql_audit_rule`(`id`,`rule_type`,`rule_code`,`rule_name`,`rule_value`,`error`,`status`) values (25,'ddl','switch_ddl_batch','是否开启批量DDL','true','不允许执行多个DDL语句!','1');
insert  into `t_sql_audit_rule`(`id`,`rule_type`,`rule_code`,`rule_name`,`rule_value`,`error`,`status`) values (26,'ddl','switch_ddl_timeout','DDL超时时间','120','表:\'{0}\'执行DDL已超时!','1');
insert  into `t_sql_audit_rule`(`id`,`rule_type`,`rule_code`,`rule_name`,`rule_value`,`error`,`status`) values (27,'ddl','switch_disable_trigger','禁止使用触发器','true','禁止使用触发器!','1');
insert  into `t_sql_audit_rule`(`id`,`rule_type`,`rule_code`,`rule_name`,`rule_value`,`error`,`status`) values (28,'ddl','switch_disable_func','禁止使用函数','true','禁止使用函数!','1');
insert  into `t_sql_audit_rule`(`id`,`rule_type`,`rule_code`,`rule_name`,`rule_value`,`error`,`status`) values (29,'ddl','switch_disable_proc','禁止使用过程','true','禁止使用过程!','1');
insert  into `t_sql_audit_rule`(`id`,`rule_type`,`rule_code`,`rule_name`,`rule_value`,`error`,`status`) values (30,'ddl','switch_disable_event','禁止使用过程','true','禁止使用事件!','1');
insert  into `t_sql_audit_rule`(`id`,`rule_type`,`rule_code`,`rule_name`,`rule_value`,`error`,`status`) values (31,'ddl','switch_drop_database','允许删除库','false','禁止删除数据库！','0');
insert  into `t_sql_audit_rule`(`id`,`rule_type`,`rule_code`,`rule_name`,`rule_value`,`error`,`status`) values (32,'ddl','switch_drop_table','允许删除表','false','禁止删除表！','0');
insert  into `t_sql_audit_rule`(`id`,`rule_type`,`rule_code`,`rule_name`,`rule_value`,`error`,`status`) values (33,'ddl','switch_virtual_col','允许便用虚拟列','false','表:\'{0}\'不允许使用虚拟列!','0');
insert  into `t_sql_audit_rule`(`id`,`rule_type`,`rule_code`,`rule_name`,`rule_value`,`error`,`status`) values (34,'ddl','switch_tab_migrate','是否允许跨库表迁移','false','表:\'{0}\'不允许跨库迁移操作!','0');
insert  into `t_sql_audit_rule`(`id`,`rule_type`,`rule_code`,`rule_name`,`rule_value`,`error`,`status`) values (35,'ddl','switch_col_order_rule','允许设置列排序规则','false','表:\'{0}\'不允许设置列排序规则!','0');
insert  into `t_sql_audit_rule`(`id`,`rule_type`,`rule_code`,`rule_name`,`rule_value`,`error`,`status`) values (36,'ddl','switch_col_charset','允许设置列字符集','false','表:\'{0}\'不允许设置列字符集！','0');
insert  into `t_sql_audit_rule`(`id`,`rule_type`,`rule_code`,`rule_name`,`rule_value`,`error`,`status`) values (37,'ddl','switch_tab_charset','允许设置表字符集','true','表:\'{0}\'不允许设置列排序规则!','0');
insert  into `t_sql_audit_rule`(`id`,`rule_type`,`rule_code`,`rule_name`,`rule_value`,`error`,`status`) values (38,'ddl','switch_tab_charset_range','允许表字符集范围','utf8mb4,utf8','表:\'{0}\'只允许表字符集范围为({1})!','0');
insert  into `t_sql_audit_rule`(`id`,`rule_type`,`rule_code`,`rule_name`,`rule_value`,`error`,`status`) values (40,'ddl','switch_idx_name_check','开启索引规范','true','','1');
insert  into `t_sql_audit_rule`(`id`,`rule_type`,`rule_code`,`rule_name`,`rule_value`,`error`,`status`) values (41,'ddl','switch_idx_name_null','允许索引名为空','true','表:\'{0}\'不允许索引名为空!','1');
insert  into `t_sql_audit_rule`(`id`,`rule_type`,`rule_code`,`rule_name`,`rule_value`,`error`,`status`) values (42,'ddl','switch_idx_name_rule','启用索引名规则','false','表:\'{0}\'索引名\'{1}\'唯反规则!','1');
insert  into `t_sql_audit_rule`(`id`,`rule_type`,`rule_code`,`rule_name`,`rule_value`,`error`,`status`) values (43,'ddl','switch_idx_numbers','单表索引数上限\r\n','2','表:\'{0}\'索引个数超限!','1');
insert  into `t_sql_audit_rule`(`id`,`rule_type`,`rule_code`,`rule_name`,`rule_value`,`error`,`status`) values (44,'ddl','switch_idx_col_numbers','单个索引字段上限\r\n','3','表:\'{0}\'的索引\'{1}\'列个数超限!','1');
insert  into `t_sql_audit_rule`(`id`,`rule_type`,`rule_code`,`rule_name`,`rule_value`,`error`,`status`) values (45,'ddl','switch_idx_name_col','允许索引名与列名相同','true','表:\'{0}\'索引名与列名不能相同!','1');
insert  into `t_sql_audit_rule`(`id`,`rule_type`,`rule_code`,`rule_name`,`rule_value`,`error`,`status`) values (61,'dml','switch_dml_batch','是否开启批量DML','false','不允许执行批量DML语句!','1');
insert  into `t_sql_audit_rule`(`id`,`rule_type`,`rule_code`,`rule_name`,`rule_value`,`error`,`status`) values (62,'dml','switch_dml_where','检测DML语句条件','true','DML语句必须存在where条件!','1');
insert  into `t_sql_audit_rule`(`id`,`rule_type`,`rule_code`,`rule_name`,`rule_value`,`error`,`status`) values (63,'dml','switch_dml_order','DML语句禁用order','true','DML语句禁止使用order by!\'','1');
insert  into `t_sql_audit_rule`(`id`,`rule_type`,`rule_code`,`rule_name`,`rule_value`,`error`,`status`) values (64,'dml','switch_dml_select','DML语句禁用select','true','DML语句禁用SELECT!','1');
insert  into `t_sql_audit_rule`(`id`,`rule_type`,`rule_code`,`rule_name`,`rule_value`,`error`,`status`) values (65,'dml','switch_dml_max_rows','DML最大影响行数\r\n','3','DML最大影响行数\r\n不能超过{0}行!','1');
insert  into `t_sql_audit_rule`(`id`,`rule_type`,`rule_code`,`rule_name`,`rule_value`,`error`,`status`) values (66,'dml','switch_dml_ins_exists_col','检查插入语句必须存在列名','true','Insert语句必须指定列名!','1');
insert  into `t_sql_audit_rule`(`id`,`rule_type`,`rule_code`,`rule_name`,`rule_value`,`error`,`status`) values (67,'dml','switch_dml_ins_cols','INSERT语句字段上限','8','Insert语句字段数不能超过{0}列!','1');
insert  into `t_sql_audit_rule`(`id`,`rule_type`,`rule_code`,`rule_name`,`rule_value`,`error`,`status`) values (68,'dml','switch_check_dml','验证DML语句语法','true','','1');
insert  into `t_sql_audit_rule`(`id`,`rule_type`,`rule_code`,`rule_name`,`rule_value`,`error`,`status`) values (80,'query','switch_query_rows','限制查询条数','1000','查询超出{0}最大行限制！',NULL);
insert  into `t_sql_audit_rule`(`id`,`rule_type`,`rule_code`,`rule_name`,`rule_value`,`error`,`status`) values (81,'query','switch_timeout','查询超时时间','3','查询超过{0}秒，停止查询!',NULL);
insert  into `t_sql_audit_rule`(`id`,`rule_type`,`rule_code`,`rule_name`,`rule_value`,`error`,`status`) values (82,'query','switch_sensitive_columns','查询敏感列设置','user_mobile,user_email,user_name','***敏感列***',NULL);

/*Data for the table `t_sql_release` */

insert  into `t_sql_release`(`id`,`dbid`,`sqltext`,`status`,`message`,`creation_date`,`creator`,`last_update_date`,`updator`,`audit_date`,`auditor`,`version`,`type`,`executor`,`exec_start`,`exec_end`,`error`) values (1,1,'CREATE TABLE `plusvip_receive_log`\r\n  (`id` int(11) NOT NULL AUTO_INCREMENT COMMENT \'自增主键\',\r\n  `plusviplog_id` int(6) NOT NULL default 0 COMMENT \'会员开通日志记录表中的主键ID\',\r\n  `mid` bigint(18) NOT NULL default 0 COMMENT \'会员ID \',\r\n  `couponsId` int(11) NOT NULL default 0  COMMENT \'卡券ID\',\r\n  `count` int(4) NOT NULL default 0 COMMENT \'已经领取数量\',\r\n  `create_time` datetime NOT NULL DEFAULT CURRENT_TIMESTAMP COMMENT \'创建时间\',\r\n  update_time datetime not null DEFAULT CURRENT_TIMESTAMP ON UPDATE CURRENT_TIMESTAMP COMMENT \'更新时间\',\r\n  PRIMARY KEY (`id`), KEY `idx_plusvip_log_n1` (`plusviplog_id`) USING BTREE) ENGINE=InnoDB AUTO_INCREMENT=1 DEFAULT\r\nCHARSET=utf8mb4 COMMENT=\'超级会员卡券领取记录表\';','3','新建超级会员卡券领取记录表','2020-03-06 14:00:15','23','2020-03-24 15:54:56','23','2020-03-12 16:51:38','23','1','1','admin','2020-03-24 15:54:56','2020-03-24 15:54:56',' Table \'plusvip_receive_log\' already exists!');
insert  into `t_sql_release`(`id`,`dbid`,`sqltext`,`status`,`message`,`creation_date`,`creator`,`last_update_date`,`updator`,`audit_date`,`auditor`,`version`,`type`,`executor`,`exec_start`,`exec_end`,`error`) values (2,1,'CREATE  FUNCTION  `func_bill_scan`()  RETURNS  INT  DETERMINISTIC\r\nBEGIN  \r\n  RETURN 1;\r\nEND','1','新建函数func_bill_scan','2020-03-09 16:51:14','23','2020-03-09 17:22:43','﻿wangbo','2020-03-09 17:01:02','23','1','4','23','2020-03-09 17:22:43','2020-03-09 17:22:43',' You have an error in your SQL syntax; check the manual that corresponds to your MySQL server version for the right syntax to use near \'BEGIN  \\r\\n  return 1;\\r\\nEND\' at line 2!');
insert  into `t_sql_release`(`id`,`dbid`,`sqltext`,`status`,`message`,`creation_date`,`creator`,`last_update_date`,`updator`,`audit_date`,`auditor`,`version`,`type`,`executor`,`exec_start`,`exec_end`,`error`) values (3,1,'CREATE  PROCEDURE `proc_bill_scan`()\r\nBEGIN  \r\n  TRUNCATE TABLE bill_scan;  \r\nEND','1','新建过程proc_bill_scan','2020-03-09 16:51:25','23','2020-03-09 17:02:19','﻿wangbo','2020-03-09 17:00:59','23','1','4','23','2020-03-09 17:02:18','2020-03-09 17:02:19',NULL);
insert  into `t_sql_release`(`id`,`dbid`,`sqltext`,`status`,`message`,`creation_date`,`creator`,`last_update_date`,`updator`,`audit_date`,`auditor`,`version`,`type`,`executor`,`exec_start`,`exec_end`,`error`) values (4,2,'CREATE TABLE `plusvip_receive_log`\n  (`id` int(11) NOT NULL AUTO_INCREMENT COMMENT \'自增主键\',\n  `plusviplog_id` int(6) NOT NULL DEFAULT 0 COMMENT \'会员开通日志记录表中的主键ID\',\n  `mid` bigint(18) NOT NULL DEFAULT 0 COMMENT \'会员ID \',\n  `couponsId` int(11) NOT NULL DEFAULT 0 COMMENT \'卡券ID\',\n  `count` int(4) NOT NULL DEFAULT 0 COMMENT \'已经领取数量\',\n  `create_time` datetime NOT NULL DEFAULT CURRENT_TIMESTAMP COMMENT \'创建时间\',\n  update_time datetime NOT NULL DEFAULT CURRENT_TIMESTAMP ON UPDATE CURRENT_TIMESTAMP COMMENT \'更新时间\',\n  PRIMARY KEY (`id`), KEY `idx_plusvip_log_n1` (`plusviplog_id`) USING BTREE) ENGINE=InnoDB AUTO_INCREMENT=1 DEFAULT\nCHARSET=utf8mb4 COMMENT=\'超级会员卡券领取记录表\';','1','超级会员卡券领取记录表','2020-03-24 11:57:41','25','2020-03-24 11:57:49','25','2020-03-24 11:57:49','25','1','2',NULL,NULL,NULL,NULL);
insert  into `t_sql_release`(`id`,`dbid`,`sqltext`,`status`,`message`,`creation_date`,`creator`,`last_update_date`,`updator`,`audit_date`,`auditor`,`version`,`type`,`executor`,`exec_start`,`exec_end`,`error`) values (5,2,'CREATE TABLE `plusvip_receive_log`\n  (`id` int(11) NOT NULL AUTO_INCREMENT COMMENT \'自增主键\',\n  `plusviplog_id` int(6) NOT NULL DEFAULT 0 COMMENT \'会员开通日志记录表中的主键ID\',\n  `mid` bigint(18) NOT NULL DEFAULT 0 COMMENT \'会员ID \',\n  `couponsId` int(11) NOT NULL DEFAULT 0 COMMENT \'卡券ID\',\n  `count` int(4) NOT NULL DEFAULT 0 COMMENT \'已经领取数量\',\n  `create_time` datetime NOT NULL DEFAULT CURRENT_TIMESTAMP COMMENT \'创建时间\',\n  update_time datetime NOT NULL DEFAULT CURRENT_TIMESTAMP ON UPDATE CURRENT_TIMESTAMP COMMENT \'更新时间\',\n  PRIMARY KEY (`id`), KEY `idx_plusvip_log_n1` (`plusviplog_id`) USING BTREE) ENGINE=InnoDB AUTO_INCREMENT=1 DEFAULT\nCHARSET=utf8mb4 COMMENT=\'超级会员卡券领取记录表\';','0','超级会员卡券领取记录表','2020-03-24 12:15:13','25','2020-03-24 12:15:13','25',NULL,NULL,'1','2',NULL,NULL,NULL,NULL);
insert  into `t_sql_release`(`id`,`dbid`,`sqltext`,`status`,`message`,`creation_date`,`creator`,`last_update_date`,`updator`,`audit_date`,`auditor`,`version`,`type`,`executor`,`exec_start`,`exec_end`,`error`) values (7,2,'CREATE TABLE `plusvip_receive_log`\n  (`id` int(11) NOT NULL AUTO_INCREMENT COMMENT \'自增主键\',\n  `plusviplog_id` int(6) NOT NULL DEFAULT 0 COMMENT \'会员开通日志记录表中的主键ID\',\n  `mid` bigint(18) NOT NULL DEFAULT 0 COMMENT \'会员ID \',\n  `couponsId` int(11) NOT NULL DEFAULT 0 COMMENT \'卡券ID\',\n  `count` int(4) NOT NULL DEFAULT 0 COMMENT \'已经领取数量\',\n  `create_time` datetime NOT NULL DEFAULT CURRENT_TIMESTAMP COMMENT \'创建时间\',\n  update_time datetime NOT NULL DEFAULT CURRENT_TIMESTAMP ON UPDATE CURRENT_TIMESTAMP COMMENT \'更新时间\',\n  PRIMARY KEY (`id`), KEY `idx_plusvip_log_n1` (`plusviplog_id`) USING BTREE) ENGINE=InnoDB AUTO_INCREMENT=1 DEFAULT\nCHARSET=utf8mb4 COMMENT=\'超级会员卡券领取记录表\';','0','超级会员卡券领取记录表','2020-03-24 14:28:17','25','2020-03-24 14:28:17','25',NULL,NULL,'1','1',NULL,NULL,NULL,NULL);

/*Data for the table `t_sql_release_results` */

/*Data for the table `t_sys_usage` */

/*Data for the table `t_templete` */

insert  into `t_templete`(`id`,`templete_id`,`contents`,`description`) values (1,1,'{\r\n  \"job\": {\r\n    \"setting\": {\r\n      \"speed\": {\r\n        \"channel\": 5\r\n      }\r\n    },\r\n    \"content\": [\r\n      {\r\n       \"reader\": {\r\n                    \"name\": \"mysqlreader\",\r\n                    \"parameter\": {\r\n                        \"username\": \"$$USERNAME$$\",\r\n                        \"password\": \"$$PASSWORD$$\",\r\n                        \"column\": [\r\n                            $$MYSQL_COLUMN_NAMES$$\r\n                        ],\r\n                        \"connection\": [\r\n                            {\r\n                                \"table\": [\r\n                                    \"$$MYSQL_TABLE_NAME$$\"\r\n                                ],\r\n                                \"jdbcUrl\":[\r\n                                  \"jdbc:mysql://$$MYSQL_URL$$?useUnicode=true&characterEncoding=UTF-8\"\r\n                                ]\r\n                            }\r\n                        ]\r\n                    }\r\n                },\r\n         \"writer\": {\r\n          \"name\": \"hbase11xwriter\",\r\n          \"parameter\": {\r\n            \"hbaseConfig\": {\r\n               \"hbase.zookeeper.quorum\": \"$$ZK_HOSTS\"\r\n            },\r\n            \"table\": \"$$HBASE_TABLE_NAME$$\",\r\n            \"mode\": \"normal\",\r\n            \"rowkeyColumn\": [\r\n                $$HBASE_ROWKEY$$\r\n            ],\r\n            \"column\": [\r\n              $$HBASE_COLUMN_NAMES$$\r\n            ],           \r\n            \"encoding\": \"utf-8\"\r\n          }\r\n        }\r\n      }\r\n    ]\r\n  }\r\n}','dataX全量同步模板');
insert  into `t_templete`(`id`,`templete_id`,`contents`,`description`) values (2,2,'{\r\n  \"job\": {\r\n    \"setting\": {\r\n      \"speed\": {\r\n        \"channel\": 5\r\n      }\r\n    },\r\n    \"content\": [\r\n      {\r\n       \"reader\": {\r\n                    \"name\": \"mysqlreader\",\r\n                    \"parameter\": {\r\n                        \"username\": \"$$USERNAME$$\",\r\n                        \"password\": \"$$PASSWORD$$\",\r\n                        \"column\": [\r\n                            $$MYSQL_COLUMN_NAMES$$\r\n                        ],\r\n			\"where\":\"$$MYSQL_WHERE$$\",\r\n                        \"connection\": [\r\n                            {\r\n                                \"table\": [\r\n                                    \"$$MYSQL_TABLE_NAME$$\"\r\n                                ],\r\n                                \"jdbcUrl\":[\r\n                                  \"jdbc:mysql://$$MYSQL_URL$$?useUnicode=true&characterEncoding=UTF-8\"\r\n                                ]\r\n                            }\r\n                        ]\r\n                    }\r\n                },\r\n         \"writer\": {\r\n          \"name\": \"hbase11xwriter\",\r\n          \"parameter\": {\r\n            \"hbaseConfig\": {\r\n               \"hbase.zookeeper.quorum\": \"$$ZK_HOSTS\"\r\n            },\r\n            \"table\": \"$$HBASE_TABLE_NAME$$\",\r\n            \"mode\": \"normal\",\r\n            \"rowkeyColumn\": [\r\n                $$HBASE_ROWKEY$$\r\n            ],\r\n            \"column\": [\r\n              $$HBASE_COLUMN_NAMES$$\r\n            ],           \r\n            \"encoding\": \"utf-8\"\r\n          }\r\n        }\r\n      }\r\n    ]\r\n  }\r\n}\r\n','dataX增量同步模板');

/*Data for the table `t_user` */

insert  into `t_user`(`id`,`name`,`wkno`,`gender`,`email`,`phone`,`project_group`,`dept`,`expire_date`,`password`,`status`,`creation_date`,`creator`,`last_update_date`,`updator`,`login_name`,`file_path`,`file_name`) values (25,'管理员','190343','1','190343@lifeat.cn','15810420106','1','06','2020-12-31','47508EE611CC14EFB8C805158601FE09','1','2018-07-03','DBA','2020-04-09','DBA','admin','/static/assets/images/users','19b9cbe2-5b73-11ea-a37c-000c29aea998_mafei.png');

/*Data for the table `t_user_role` */
insert  into `t_user_role`(`user_id`,`role_id`) values (25,6);
insert  into `t_user_role`(`user_id`,`role_id`) values (25,12);

/*Data for the table `t_xtqx` */

insert  into `t_xtqx`(`id`,`name`,`parent_id`,`url`,`status`,`icon`,`creation_date`,`creator`,`last_update_date`,`updator`) values ('0','根节点','','','1',NULL,'2018-06-30','DBA','2018-06-30','DBA');
insert  into `t_xtqx`(`id`,`name`,`parent_id`,`url`,`status`,`icon`,`creation_date`,`creator`,`last_update_date`,`updator`) values ('001','用户管理','0','','1','fa fa-user','2018-06-30','DBA','2020-03-01','DBA');
insert  into `t_xtqx`(`id`,`name`,`parent_id`,`url`,`status`,`icon`,`creation_date`,`creator`,`last_update_date`,`updator`) values ('00101','用户查询','001','/user/query','1',NULL,'2018-06-30','DBA','2019-07-30','DBA');
insert  into `t_xtqx`(`id`,`name`,`parent_id`,`url`,`status`,`icon`,`creation_date`,`creator`,`last_update_date`,`updator`) values ('00102','用户新增','001','/user/add','1',NULL,'2018-06-30','DBA','2020-03-12','DBA');
insert  into `t_xtqx`(`id`,`name`,`parent_id`,`url`,`status`,`icon`,`creation_date`,`creator`,`last_update_date`,`updator`) values ('00103','用户变更','001','/user/change','1',NULL,'2018-06-30','DBA','2018-06-30','DBA');
insert  into `t_xtqx`(`id`,`name`,`parent_id`,`url`,`status`,`icon`,`creation_date`,`creator`,`last_update_date`,`updator`) values ('00104','项目授权','001','/project/query','1',NULL,'2018-09-02','DBA','2019-10-22','DBA');
insert  into `t_xtqx`(`id`,`name`,`parent_id`,`url`,`status`,`icon`,`creation_date`,`creator`,`last_update_date`,`updator`) values ('002','角色管理','0','','1','mdi mdi-account-switch','2018-06-30','DBA','2018-06-30','DBA');
insert  into `t_xtqx`(`id`,`name`,`parent_id`,`url`,`status`,`icon`,`creation_date`,`creator`,`last_update_date`,`updator`) values ('00201','角色查询','002','/role/query','1',NULL,'2018-06-30','DBA','2018-06-30','DBA');
insert  into `t_xtqx`(`id`,`name`,`parent_id`,`url`,`status`,`icon`,`creation_date`,`creator`,`last_update_date`,`updator`) values ('00202','角色新增','002','/role/add','1',NULL,'2018-06-30','DBA','2018-06-30','DBA');
insert  into `t_xtqx`(`id`,`name`,`parent_id`,`url`,`status`,`icon`,`creation_date`,`creator`,`last_update_date`,`updator`) values ('00203','角色变更','002','/role/change','1',NULL,'2018-06-30','DBA','2018-06-30','DBA');
insert  into `t_xtqx`(`id`,`name`,`parent_id`,`url`,`status`,`icon`,`creation_date`,`creator`,`last_update_date`,`updator`) values ('003','菜单管理','0','','1','mdi mdi-file-tree','2018-07-01','DBA','2018-09-10','DBA');
insert  into `t_xtqx`(`id`,`name`,`parent_id`,`url`,`status`,`icon`,`creation_date`,`creator`,`last_update_date`,`updator`) values ('00301','菜单查询','003','/menu/query','1',NULL,'2018-07-01','DBA','2018-07-01','DBA');
insert  into `t_xtqx`(`id`,`name`,`parent_id`,`url`,`status`,`icon`,`creation_date`,`creator`,`last_update_date`,`updator`) values ('00302','菜单新增','003','/menu/add','1',NULL,'2018-07-01','DBA','2018-07-01','DBA');
insert  into `t_xtqx`(`id`,`name`,`parent_id`,`url`,`status`,`icon`,`creation_date`,`creator`,`last_update_date`,`updator`) values ('00303','菜单变更','003','/menu/change','1',NULL,'2018-07-01','DBA','2018-09-10','DBA');
insert  into `t_xtqx`(`id`,`name`,`parent_id`,`url`,`status`,`icon`,`creation_date`,`creator`,`last_update_date`,`updator`) values ('004','数据源管理','0','','1','mdi mdi-chemical-weapon','2018-07-01','DBA','2018-07-01','DBA');
insert  into `t_xtqx`(`id`,`name`,`parent_id`,`url`,`status`,`icon`,`creation_date`,`creator`,`last_update_date`,`updator`) values ('00401','数据源查询','004','/ds/query','1',NULL,'2018-07-01','DBA','2019-08-18','DBA');
insert  into `t_xtqx`(`id`,`name`,`parent_id`,`url`,`status`,`icon`,`creation_date`,`creator`,`last_update_date`,`updator`) values ('00402','数据源新增','004','/ds/add','1',NULL,'2018-07-01','DBA','2019-08-18','DBA');
insert  into `t_xtqx`(`id`,`name`,`parent_id`,`url`,`status`,`icon`,`creation_date`,`creator`,`last_update_date`,`updator`) values ('00403','数据源维护','004','/ds/change','1',NULL,'2018-07-01','DBA','2020-03-19','DBA');
insert  into `t_xtqx`(`id`,`name`,`parent_id`,`url`,`status`,`icon`,`creation_date`,`creator`,`last_update_date`,`updator`) values ('00404','数据源测试','004','/ds/test','1',NULL,'2018-07-08','DBA','2018-07-08','DBA');
insert  into `t_xtqx`(`id`,`name`,`parent_id`,`url`,`status`,`icon`,`creation_date`,`creator`,`last_update_date`,`updator`) values ('005','服务器管理','0','','1','mdi mdi-monitor','2018-10-15','DBA','2018-10-15','DBA');
insert  into `t_xtqx`(`id`,`name`,`parent_id`,`url`,`status`,`icon`,`creation_date`,`creator`,`last_update_date`,`updator`) values ('00501','服务器查询','005','/server/query','1',NULL,'2018-10-15','DBA','2018-10-15','DBA');
insert  into `t_xtqx`(`id`,`name`,`parent_id`,`url`,`status`,`icon`,`creation_date`,`creator`,`last_update_date`,`updator`) values ('00502','新增服务器','005','/server/add','1',NULL,'2018-10-15','DBA','2018-10-15','DBA');
insert  into `t_xtqx`(`id`,`name`,`parent_id`,`url`,`status`,`icon`,`creation_date`,`creator`,`last_update_date`,`updator`) values ('00503','服务器变更','005','/server/change','1',NULL,'2018-10-15','DBA','2018-10-15','DBA');
insert  into `t_xtqx`(`id`,`name`,`parent_id`,`url`,`status`,`icon`,`creation_date`,`creator`,`last_update_date`,`updator`) values ('006','数据库管理','0','','1','mdi mdi-settings','2018-10-03','DBA','2020-02-19','DBA');
insert  into `t_xtqx`(`id`,`name`,`parent_id`,`url`,`status`,`icon`,`creation_date`,`creator`,`last_update_date`,`updator`) values ('00601','实例管理','006','/db/inst/query','1','','2018-10-03','DBA','2020-02-19','DBA');
insert  into `t_xtqx`(`id`,`name`,`parent_id`,`url`,`status`,`icon`,`creation_date`,`creator`,`last_update_date`,`updator`) values ('00602','账号管理','006','/db/user/query','1','','2018-10-03','DBA','2020-02-19','DBA');
insert  into `t_xtqx`(`id`,`name`,`parent_id`,`url`,`status`,`icon`,`creation_date`,`creator`,`last_update_date`,`updator`) values ('00603','部署管理','006','/db/deploy/','1','','2018-10-03','DBA','2020-03-19','DBA');
insert  into `t_xtqx`(`id`,`name`,`parent_id`,`url`,`status`,`icon`,`creation_date`,`creator`,`last_update_date`,`updator`) values ('007','数据库监控','0','','1','ion-eye','2018-09-03','DBA','2018-09-03','DBA');
insert  into `t_xtqx`(`id`,`name`,`parent_id`,`url`,`status`,`icon`,`creation_date`,`creator`,`last_update_date`,`updator`) values ('00701','指标管理','007','/monitor/index/query','1','','2018-09-03','DBA','2018-09-03','DBA');
insert  into `t_xtqx`(`id`,`name`,`parent_id`,`url`,`status`,`icon`,`creation_date`,`creator`,`last_update_date`,`updator`) values ('00702','模板管理','007','/monitor/templete/query','1','','2018-10-03','DBA','2018-10-03','DBA');
insert  into `t_xtqx`(`id`,`name`,`parent_id`,`url`,`status`,`icon`,`creation_date`,`creator`,`last_update_date`,`updator`) values ('00703','任务管理','007','/monitor/task/query','1','','2018-11-17','DBA','2018-11-17','DBA');
insert  into `t_xtqx`(`id`,`name`,`parent_id`,`url`,`status`,`icon`,`creation_date`,`creator`,`last_update_date`,`updator`) values ('00704','监控图表','007','/monitor/graph/query','1','','2018-10-15','DBA','2019-10-15','DBA');
insert  into `t_xtqx`(`id`,`name`,`parent_id`,`url`,`status`,`icon`,`creation_date`,`creator`,`last_update_date`,`updator`) values ('00705','监控大屏','007','/monitor/view','1',NULL,'2018-10-03','DBA','2020-03-19','DBA');
insert  into `t_xtqx`(`id`,`name`,`parent_id`,`url`,`status`,`icon`,`creation_date`,`creator`,`last_update_date`,`updator`) values ('008','数据库工具','0','','1','mdi mdi-database','2018-07-08','DBA','2018-07-08','DBA');
insert  into `t_xtqx`(`id`,`name`,`parent_id`,`url`,`status`,`icon`,`creation_date`,`creator`,`last_update_date`,`updator`) values ('00801','字典生成','008','/dba/dict','1','','2018-07-08','DBA','2018-07-08','DBA');
insert  into `t_xtqx`(`id`,`name`,`parent_id`,`url`,`status`,`icon`,`creation_date`,`creator`,`last_update_date`,`updator`) values ('00802','Redis迁移','008','/redis/migrate','1','','2018-10-03','DBA','2018-10-03','DBA');
insert  into `t_xtqx`(`id`,`name`,`parent_id`,`url`,`status`,`icon`,`creation_date`,`creator`,`last_update_date`,`updator`) values ('009','数据库备份','0','','1','mdi mdi-content-copy','2018-10-03','DBA','2018-10-03','DBA');
insert  into `t_xtqx`(`id`,`name`,`parent_id`,`url`,`status`,`icon`,`creation_date`,`creator`,`last_update_date`,`updator`) values ('00901','新建备份','009','/backup/add','1','','2018-10-03','DBA','2019-10-21','DBA');
insert  into `t_xtqx`(`id`,`name`,`parent_id`,`url`,`status`,`icon`,`creation_date`,`creator`,`last_update_date`,`updator`) values ('00902','备份维护','009','/backup/change','1','','2018-10-15','DBA','2019-10-26','DBA');
insert  into `t_xtqx`(`id`,`name`,`parent_id`,`url`,`status`,`icon`,`creation_date`,`creator`,`last_update_date`,`updator`) values ('00903','任务查询','009','/backup/query','1','','2018-10-15','DBA','2019-10-23','DBA');
insert  into `t_xtqx`(`id`,`name`,`parent_id`,`url`,`status`,`icon`,`creation_date`,`creator`,`last_update_date`,`updator`) values ('00904','日志查询','009','/backup/log/query','1','','2018-10-15','DBA','2018-10-15','DBA');
insert  into `t_xtqx`(`id`,`name`,`parent_id`,`url`,`status`,`icon`,`creation_date`,`creator`,`last_update_date`,`updator`) values ('00905','日志分析','009','/backup/log/analyze','1','','2018-10-15','DBA','2018-10-15','DBA');
insert  into `t_xtqx`(`id`,`name`,`parent_id`,`url`,`status`,`icon`,`creation_date`,`creator`,`last_update_date`,`updator`) values ('010','数据库恢复','0','','1','mdi mdi-backup-restore','2018-10-03','DBA','2018-10-03','DBA');
insert  into `t_xtqx`(`id`,`name`,`parent_id`,`url`,`status`,`icon`,`creation_date`,`creator`,`last_update_date`,`updator`) values ('01001','恢复向导','010','/recover/guide','1','','2018-10-03','DBA','2018-10-03','DBA');
insert  into `t_xtqx`(`id`,`name`,`parent_id`,`url`,`status`,`icon`,`creation_date`,`creator`,`last_update_date`,`updator`) values ('01002','恢复配置','010','/recover/config','1','','2018-10-15','DBA','2018-10-15','DBA');
insert  into `t_xtqx`(`id`,`name`,`parent_id`,`url`,`status`,`icon`,`creation_date`,`creator`,`last_update_date`,`updator`) values ('01003','恢复查询','010','/recover/query','1','','2018-10-15','DBA','2018-10-15','DBA');
insert  into `t_xtqx`(`id`,`name`,`parent_id`,`url`,`status`,`icon`,`creation_date`,`creator`,`last_update_date`,`updator`) values ('011','数据库同步','0','','1','mdi mdi-sync','2018-10-03','DBA','2018-10-03','DBA');
insert  into `t_xtqx`(`id`,`name`,`parent_id`,`url`,`status`,`icon`,`creation_date`,`creator`,`last_update_date`,`updator`) values ('01101','新建同步','011','/sync/add','1','','2018-10-03','DBA','2018-10-03','DBA');
insert  into `t_xtqx`(`id`,`name`,`parent_id`,`url`,`status`,`icon`,`creation_date`,`creator`,`last_update_date`,`updator`) values ('01102','同步维护','011','/sync/change','1','','2018-10-03','DBA','2018-10-03','DBA');
insert  into `t_xtqx`(`id`,`name`,`parent_id`,`url`,`status`,`icon`,`creation_date`,`creator`,`last_update_date`,`updator`) values ('01103','任务查询','011','/sync/query','1','','2018-10-03','DBA','2018-10-03','DBA');
insert  into `t_xtqx`(`id`,`name`,`parent_id`,`url`,`status`,`icon`,`creation_date`,`creator`,`last_update_date`,`updator`) values ('01104','日志查询','011','/sync/log/query','1','','2018-10-15','DBA','2019-10-15','DBA');
insert  into `t_xtqx`(`id`,`name`,`parent_id`,`url`,`status`,`icon`,`creation_date`,`creator`,`last_update_date`,`updator`) values ('01105','日志分析','011','/sync/log/analyze','1','','2018-10-15','DBA','2019-10-15','DBA');
insert  into `t_xtqx`(`id`,`name`,`parent_id`,`url`,`status`,`icon`,`creation_date`,`creator`,`last_update_date`,`updator`) values ('01107','同步拓扑','011','/sync/log/graph','0','','2018-10-15','DBA','2020-01-06','DBA');
insert  into `t_xtqx`(`id`,`name`,`parent_id`,`url`,`status`,`icon`,`creation_date`,`creator`,`last_update_date`,`updator`) values ('012','数据库传输','0','','1','mdi mdi-swap-horizontal','2018-10-03','DBA','2018-10-03','DBA');
insert  into `t_xtqx`(`id`,`name`,`parent_id`,`url`,`status`,`icon`,`creation_date`,`creator`,`last_update_date`,`updator`) values ('01201','新建传输','012','/transfer/add','1','','2018-10-03','DBA','2018-10-03','DBA');
insert  into `t_xtqx`(`id`,`name`,`parent_id`,`url`,`status`,`icon`,`creation_date`,`creator`,`last_update_date`,`updator`) values ('01202','传输查询','012','/transfer/query','1','','2018-10-03','DBA','2018-10-03','DBA');
insert  into `t_xtqx`(`id`,`name`,`parent_id`,`url`,`status`,`icon`,`creation_date`,`creator`,`last_update_date`,`updator`) values ('01203','传输维护','012','/transfer/change','1','','2018-10-15','DBA','2018-10-15','DBA');
insert  into `t_xtqx`(`id`,`name`,`parent_id`,`url`,`status`,`icon`,`creation_date`,`creator`,`last_update_date`,`updator`) values ('01204','日志查询','012','/transfer/log/query','1','','2018-10-15','DBA','2018-10-15','DBA');
insert  into `t_xtqx`(`id`,`name`,`parent_id`,`url`,`status`,`icon`,`creation_date`,`creator`,`last_update_date`,`updator`) values ('013','数据库归档','0','','1','mdi mdi-lan-connect','2018-10-03','DBA','2018-10-03','DBA');
insert  into `t_xtqx`(`id`,`name`,`parent_id`,`url`,`status`,`icon`,`creation_date`,`creator`,`last_update_date`,`updator`) values ('01301','新建归档','013','/archive/add','1','','2018-10-03','DBA','2018-10-03','DBA');
insert  into `t_xtqx`(`id`,`name`,`parent_id`,`url`,`status`,`icon`,`creation_date`,`creator`,`last_update_date`,`updator`) values ('01302','归档查询','013','/archive/query','1','','2018-10-03','DBA','2018-10-03','DBA');
insert  into `t_xtqx`(`id`,`name`,`parent_id`,`url`,`status`,`icon`,`creation_date`,`creator`,`last_update_date`,`updator`) values ('01303','归档维护','013','/archive/change','1','','2018-10-03','DBA','2018-10-03','DBA');
insert  into `t_xtqx`(`id`,`name`,`parent_id`,`url`,`status`,`icon`,`creation_date`,`creator`,`last_update_date`,`updator`) values ('01304','日志查询','013','/archive/log/query','1','','2018-10-03','DBA','2018-10-03','DBA');
insert  into `t_xtqx`(`id`,`name`,`parent_id`,`url`,`status`,`icon`,`creation_date`,`creator`,`last_update_date`,`updator`) values ('014','数据库部署','0','','0','mdi mdi-polymer','2018-10-03','DBA','2020-03-03','DBA');
insert  into `t_xtqx`(`id`,`name`,`parent_id`,`url`,`status`,`icon`,`creation_date`,`creator`,`last_update_date`,`updator`) values ('015','大数据同步','0','','1','ion-ios7-pulse-strong','2018-10-03','DBA','2020-03-03',NULL);
insert  into `t_xtqx`(`id`,`name`,`parent_id`,`url`,`status`,`icon`,`creation_date`,`creator`,`last_update_date`,`updator`) values ('01501','新增同步','015','/bigdata/add','1','','2018-10-03','DBA','2020-03-03',NULL);
insert  into `t_xtqx`(`id`,`name`,`parent_id`,`url`,`status`,`icon`,`creation_date`,`creator`,`last_update_date`,`updator`) values ('01502','任务查询','015','/bigdata/query','1','','2018-10-03','DBA','2020-03-03',NULL);
insert  into `t_xtqx`(`id`,`name`,`parent_id`,`url`,`status`,`icon`,`creation_date`,`creator`,`last_update_date`,`updator`) values ('01503','同步维护','015','/bigdata/change','1','','2018-10-03','DBA','2018-10-03','DBA');
insert  into `t_xtqx`(`id`,`name`,`parent_id`,`url`,`status`,`icon`,`creation_date`,`creator`,`last_update_date`,`updator`) values ('01504','日志分析','015','/bigdata/log/analyze','1','','2018-10-03','DBA','2020-03-19','DBA');
insert  into `t_xtqx`(`id`,`name`,`parent_id`,`url`,`status`,`icon`,`creation_date`,`creator`,`last_update_date`,`updator`) values ('016','慢查询管理','0','','1','mdi mdi-crop','2018-10-03','DBA','2020-02-19','DBA');
insert  into `t_xtqx`(`id`,`name`,`parent_id`,`url`,`status`,`icon`,`creation_date`,`creator`,`last_update_date`,`updator`) values ('01601','慢查询采集','016','/slow/stats','1','','2018-10-03','DBA','2018-10-03','DBA');
insert  into `t_xtqx`(`id`,`name`,`parent_id`,`url`,`status`,`icon`,`creation_date`,`creator`,`last_update_date`,`updator`) values ('01602','慢查询分析','016','/slow/analyze','1','','2018-10-03','DBA','2018-10-03','DBA');
insert  into `t_xtqx`(`id`,`name`,`parent_id`,`url`,`status`,`icon`,`creation_date`,`creator`,`last_update_date`,`updator`) values ('01603','慢查询设置','016','/slow/setting','1','','2018-10-03','DBA','2020-03-03',NULL);
insert  into `t_xtqx`(`id`,`name`,`parent_id`,`url`,`status`,`icon`,`creation_date`,`creator`,`last_update_date`,`updator`) values ('017','工单管理','0','','1','mdi mdi-format-align-left','2018-10-03','DBA','2020-01-04','DBA');
insert  into `t_xtqx`(`id`,`name`,`parent_id`,`url`,`status`,`icon`,`creation_date`,`creator`,`last_update_date`,`updator`) values ('01701','我的工单','017','/order/query','1','','2018-10-03','DBA','2020-03-03',NULL);
insert  into `t_xtqx`(`id`,`name`,`parent_id`,`url`,`status`,`icon`,`creation_date`,`creator`,`last_update_date`,`updator`) values ('01702','SQL查询','017','/sql/query','1','','2018-10-03','DBA','2020-03-03',NULL);
insert  into `t_xtqx`(`id`,`name`,`parent_id`,`url`,`status`,`icon`,`creation_date`,`creator`,`last_update_date`,`updator`) values ('01703','SQL发布','017','/sql/release','1','','2018-10-03','DBA','2020-03-03',NULL);
insert  into `t_xtqx`(`id`,`name`,`parent_id`,`url`,`status`,`icon`,`creation_date`,`creator`,`last_update_date`,`updator`) values ('01704','SQL审核','017','/sql/audit','1','','2018-10-03','DBA','2020-03-03',NULL);
insert  into `t_xtqx`(`id`,`name`,`parent_id`,`url`,`status`,`icon`,`creation_date`,`creator`,`last_update_date`,`updator`) values ('01705','SQL执行','017','/sql/run','1','','2018-10-03','DBA','2020-03-03',NULL);
insert  into `t_xtqx`(`id`,`name`,`parent_id`,`url`,`status`,`icon`,`creation_date`,`creator`,`last_update_date`,`updator`) values ('01706','SQL导出','017','/sql/exp','1','','2018-07-08','DBA','2018-10-03','DBA');
insert  into `t_xtqx`(`id`,`name`,`parent_id`,`url`,`status`,`icon`,`creation_date`,`creator`,`last_update_date`,`updator`) values ('01707','phoenix查询','017','/sql/phoenix/sql','1','','2020-03-31','DBA','2020-03-19','DBA');
insert  into `t_xtqx`(`id`,`name`,`parent_id`,`url`,`status`,`icon`,`creation_date`,`creator`,`last_update_date`,`updator`) values ('01708','phoenix发布','017','/sql/phoenix/release','1','','2018-10-03','DBA','2020-03-19','DBA');
insert  into `t_xtqx`(`id`,`name`,`parent_id`,`url`,`status`,`icon`,`creation_date`,`creator`,`last_update_date`,`updator`) values ('018','任务管理','0','','0','mdi mdi-alarm','2018-10-03','DBA','2020-01-04','DBA');
insert  into `t_xtqx`(`id`,`name`,`parent_id`,`url`,`status`,`icon`,`creation_date`,`creator`,`last_update_date`,`updator`) values ('01801','新建任务','018','/task/new','1','','2018-10-03','DBA','2020-01-04',NULL);
insert  into `t_xtqx`(`id`,`name`,`parent_id`,`url`,`status`,`icon`,`creation_date`,`creator`,`last_update_date`,`updator`) values ('01802','任务查询','018','/task/query','1','','2018-10-03','DBA','2020-01-04',NULL);
insert  into `t_xtqx`(`id`,`name`,`parent_id`,`url`,`status`,`icon`,`creation_date`,`creator`,`last_update_date`,`updator`) values ('01803','任务变更','018','/task/change','1','','2018-10-03','DBA','2020-01-04',NULL);
insert  into `t_xtqx`(`id`,`name`,`parent_id`,`url`,`status`,`icon`,`creation_date`,`creator`,`last_update_date`,`updator`) values ('019','端口管理','0','','1','mdi mdi-code-brackets','2018-10-03','DBA','2020-02-19','DBA');
insert  into `t_xtqx`(`id`,`name`,`parent_id`,`url`,`status`,`icon`,`creation_date`,`creator`,`last_update_date`,`updator`) values ('01901','端口新增','019','/port/add','1','','2018-10-03','DBA','2020-02-19','DBA');
insert  into `t_xtqx`(`id`,`name`,`parent_id`,`url`,`status`,`icon`,`creation_date`,`creator`,`last_update_date`,`updator`) values ('01902','端口查询','019','/port/query','1','','2018-10-03','DBA','2020-02-19','DBA');
insert  into `t_xtqx`(`id`,`name`,`parent_id`,`url`,`status`,`icon`,`creation_date`,`creator`,`last_update_date`,`updator`) values ('01903','端口维护','019','/port/change','1','','2018-10-03','DBA','2020-02-19','DBA');
insert  into `t_xtqx`(`id`,`name`,`parent_id`,`url`,`status`,`icon`,`creation_date`,`creator`,`last_update_date`,`updator`) values ('020','功能管理','0','','1','mdi mdi-function','2018-06-30','DBA','2018-06-30','DBA');
insert  into `t_xtqx`(`id`,`name`,`parent_id`,`url`,`status`,`icon`,`creation_date`,`creator`,`last_update_date`,`updator`) values ('02001','功能查询','020','/func/query','1','','2018-06-30','DBA','2018-06-30','DBA');
insert  into `t_xtqx`(`id`,`name`,`parent_id`,`url`,`status`,`icon`,`creation_date`,`creator`,`last_update_date`,`updator`) values ('02002','功能新增','020','/func/add','1','','2018-06-30','DBA','2018-06-30','DBA');
insert  into `t_xtqx`(`id`,`name`,`parent_id`,`url`,`status`,`icon`,`creation_date`,`creator`,`last_update_date`,`updator`) values ('02003','功能变更','020','/func/change','1','','2018-06-30','DBA','2018-06-30','DBA');
insert  into `t_xtqx`(`id`,`name`,`parent_id`,`url`,`status`,`icon`,`creation_date`,`creator`,`last_update_date`,`updator`) values ('060','公告管理','0','','1','mdi mdi-message-text-outline','2018-10-03','DBA','2020-01-04','DBA');
insert  into `t_xtqx`(`id`,`name`,`parent_id`,`url`,`status`,`icon`,`creation_date`,`creator`,`last_update_date`,`updator`) values ('06001','公告发布','060','/message/release','1','','2018-10-03','DBA','2018-10-03','DBA');
insert  into `t_xtqx`(`id`,`name`,`parent_id`,`url`,`status`,`icon`,`creation_date`,`creator`,`last_update_date`,`updator`) values ('06002','公告查询','060','/message/query','1','','2018-10-15','DBA','2018-10-15','DBA');
insert  into `t_xtqx`(`id`,`name`,`parent_id`,`url`,`status`,`icon`,`creation_date`,`creator`,`last_update_date`,`updator`) values ('06003','公告变更','060','/message/change','1','','2018-10-15','DBA','2018-10-15','DBA');
insert  into `t_xtqx`(`id`,`name`,`parent_id`,`url`,`status`,`icon`,`creation_date`,`creator`,`last_update_date`,`updator`) values ('061','系统管理','0','','1','mdi mdi-settings','2018-10-03','DBA','2018-10-03','DBA');
insert  into `t_xtqx`(`id`,`name`,`parent_id`,`url`,`status`,`icon`,`creation_date`,`creator`,`last_update_date`,`updator`) values ('06101','系统设置','061','/sys/setting','1','','2018-10-15','DBA','2020-02-19','DBA');
insert  into `t_xtqx`(`id`,`name`,`parent_id`,`url`,`status`,`icon`,`creation_date`,`creator`,`last_update_date`,`updator`) values ('06102','代码管理','061','/sys/code','1','mdi mdi-code-brackets','2018-10-03','DBA','2018-10-03','DBA');
insert  into `t_xtqx`(`id`,`name`,`parent_id`,`url`,`status`,`icon`,`creation_date`,`creator`,`last_update_date`,`updator`) values ('06103','审核规则','061','/sys/audit_rule','1','mdi mdi-crop','2018-10-15','DBA','2019-10-15','DBA');
insert  into `t_xtqx`(`id`,`name`,`parent_id`,`url`,`status`,`icon`,`creation_date`,`creator`,`last_update_date`,`updator`) values ('06104','测试页面','061','/sys/test','0','','2018-10-03','DBA','2020-03-19','DBA');
