{
  "job": {
    "setting": {
      "speed": {
        "channel": 5
      }
    },
    "content": [
      {
       "reader": {
                    "name": "mysqlreader",
                    "parameter": {
                        "username": "hft_ro",
                        "password": "8SezZdtuoUTJ5MBLXdcD6XJv5czwBkD",
                        "column": [
                            "id","order_id","sku_id","sku_name","amount","quantity","business_id","business_name"
                        ],
			"where":"",
                        "connection": [
                            {
                                "table": [
                                    "intel_order_detail"
                                ],
                                "jdbcUrl":[
                                  "jdbc:mysql://rr-2ze8nqixl9wq6ei041o.mysql.rds.aliyuncs.com:3306/hopson_hft?useUnicode=true&characterEncoding=UTF-8"
                                ]
                            }
                        ]
                    }
                },
         "writer": {
          "name": "hbase11xwriter",
          "parameter": {
            "hbaseConfig": {
               "hbase.zookeeper.quorum": "10.2.39.165:2181,10.2.39.166:2181,10.2.39.182:2181"
            },
            "table": "hopsonone:source_intel_order_detail",
            "mode": "normal",
            "rowkeyColumn": [
                
{
  "index":0,
  "type":"string"
}
            ],
            "column": [
              
 {
    "index":1,
    "name": "info:order_id",
    "type": "string"
 },
 {
    "index":2,
    "name": "info:sku_id",
    "type": "string"
 },
 {
    "index":3,
    "name": "info:sku_name",
    "type": "string"
 },
 {
    "index":4,
    "name": "info:amount",
    "type": "string"
 },
 {
    "index":5,
    "name": "info:quantity",
    "type": "string"
 },
 {
    "index":6,
    "name": "info:business_id",
    "type": "string"
 },
 {
    "index":7,
    "name": "info:business_name",
    "type": "string"
 }
            ],           
            "encoding": "utf-8"
          }
        }
      }
    ]
  }
}
