{
  "job": {
    "setting": {
      "speed": {
        "channel": 5
      }
    },
    "content": [
      {
       "reader": {
                    "name": "mysqlreader",
                    "parameter": {
                        "username": "hopsonone",
                        "password": "hopsonone123",
                        "column": [
                            "id","trans_no","collect_no","member_id","mobile","member_card","payable_fee","discount_fee","total_fee","bill_no","order_id","file_type","ticket_content","order_type","bill_time","order_time","point","sn","vsn","business_id","market_id","create_time","update_time","is_point","already_point","source","internal_source","code_point","msg_point","only_flag","code_member","msg_member"
                        ],
			"where":"where update_time >= DATE_SUB(NOW(),INTERVAL 1 DAY)",
                        "connection": [
                            {
                                "table": [
                                    "bill"
                                ],
                                "jdbcUrl":[
                                  "jdbc:mysql://10.2.39.40:3306/hopsonone_bill?useUnicode=true&characterEncoding=UTF-8"
                                ]
                            }
                        ]
                    }
                },
         "writer": {
          "name": "hbase11xwriter",
          "parameter": {
            "hbaseConfig": {
               "hbase.zookeeper.quorum": "10.2.39.165:2181,10.2.39.166:2181,10.2.39.182:2181"
            },
            "table": "hopsonone:source_bill",
            "mode": "normal",
            "rowkeyColumn": [
                
{
  "index":0,
  "type":"string"
}
            ],
            "column": [
              
 {
    "index":1,
    "name": "info:trans_no",
    "type": "string"
 },
 {
    "index":2,
    "name": "info:collect_no",
    "type": "string"
 },
 {
    "index":3,
    "name": "info:member_id",
    "type": "string"
 },
 {
    "index":4,
    "name": "info:mobile",
    "type": "string"
 },
 {
    "index":5,
    "name": "info:member_card",
    "type": "string"
 },
 {
    "index":6,
    "name": "info:payable_fee",
    "type": "string"
 },
 {
    "index":7,
    "name": "info:discount_fee",
    "type": "string"
 },
 {
    "index":8,
    "name": "info:total_fee",
    "type": "string"
 },
 {
    "index":9,
    "name": "info:bill_no",
    "type": "string"
 },
 {
    "index":10,
    "name": "info:order_id",
    "type": "string"
 },
 {
    "index":11,
    "name": "info:file_type",
    "type": "string"
 },
 {
    "index":12,
    "name": "info:ticket_content",
    "type": "string"
 },
 {
    "index":13,
    "name": "info:order_type",
    "type": "string"
 },
 {
    "index":14,
    "name": "info:bill_time",
    "type": "string"
 },
 {
    "index":15,
    "name": "info:order_time",
    "type": "string"
 },
 {
    "index":16,
    "name": "info:point",
    "type": "string"
 },
 {
    "index":17,
    "name": "info:sn",
    "type": "string"
 },
 {
    "index":18,
    "name": "info:vsn",
    "type": "string"
 },
 {
    "index":19,
    "name": "info:business_id",
    "type": "string"
 },
 {
    "index":20,
    "name": "info:market_id",
    "type": "string"
 },
 {
    "index":21,
    "name": "info:create_time",
    "type": "string"
 },
 {
    "index":22,
    "name": "info:update_time",
    "type": "string"
 },
 {
    "index":23,
    "name": "info:is_point",
    "type": "string"
 },
 {
    "index":24,
    "name": "info:already_point",
    "type": "string"
 },
 {
    "index":25,
    "name": "info:source",
    "type": "string"
 },
 {
    "index":26,
    "name": "info:internal_source",
    "type": "string"
 },
 {
    "index":27,
    "name": "info:code_point",
    "type": "string"
 },
 {
    "index":28,
    "name": "info:msg_point",
    "type": "string"
 },
 {
    "index":29,
    "name": "info:only_flag",
    "type": "string"
 },
 {
    "index":30,
    "name": "info:code_member",
    "type": "string"
 },
 {
    "index":31,
    "name": "info:msg_member",
    "type": "string"
 }
            ],           
            "encoding": "utf-8"
          }
        }
      }
    ]
  }
}
